,Unnamed: 0,full_path,filename,location,label,size,date,time,duration
0,0,CMPC Buin/R3/Humanos/EM2030-00749-2022-04-24T03-53-08-057dB.wav,EM2030-00749-2022-04-24T03-53-08-057dB.wav,R3,Humanos,1920044,2022-04-24,03:53:08,10.0
1,1,CMPC Buin/R3/Humanos/EM2030-00749-2022-06-17T12-10-21-069dB.wav,EM2030-00749-2022-06-17T12-10-21-069dB.wav,R3,Humanos,1920044,2022-06-17,12:10:21,10.0
2,2,CMPC Buin/R3/Humanos/EM2030-00749-2022-06-30T22-48-49-065dB.wav,EM2030-00749-2022-06-30T22-48-49-065dB.wav,R3,Humanos,1920044,2022-06-30,22:48:49,10.0
3,3,CMPC Buin/R3/Humanos/EM2030-00749-2022-04-24T04-19-35-063dB.wav,EM2030-00749-2022-04-24T04-19-35-063dB.wav,R3,Humanos,1920044,2022-04-24,04:19:35,10.0
4,4,CMPC Buin/R3/Humanos/EM2030-00749-2022-07-01T13-38-03-067dB.wav,EM2030-00749-2022-07-01T13-38-03-067dB.wav,R3,Humanos,1920044,2022-07-01,13:38:03,10.0
5,5,CMPC Buin/R3/Humanos/EM2030-00749-2022-06-29T22-56-40-066dB.wav,EM2030-00749-2022-06-29T22-56-40-066dB.wav,R3,Humanos,1920044,2022-06-29,22:56:40,10.0
6,6,CMPC Buin/R3/Humanos/EM2030-00749-2022-06-16T17-16-27-077dB.wav,EM2030-00749-2022-06-16T17-16-27-077dB.wav,R3,Humanos,1920044,2022-06-16,17:16:27,10.0
7,7,CMPC Buin/R3/Humanos/EM2030-00749-2022-05-30T00-27-06-064dB.wav,EM2030-00749-2022-05-30T00-27-06-064dB.wav,R3,Humanos,1920044,2022-05-30,00:27:06,10.0
8,8,CMPC Buin/R3/Humanos/EM2030-00749-2022-04-24T02-42-25-058dB.wav,EM2030-00749-2022-04-24T02-42-25-058dB.wav,R3,Humanos,1920044,2022-04-24,02:42:25,10.0
9,9,CMPC Buin/R3/Humanos/EM2030-00749-2022-05-06T06-43-39-059dB.wav,EM2030-00749-2022-05-06T06-43-39-059dB.wav,R3,Humanos,1920044,2022-05-06,06:43:39,10.0
10,10,CMPC Buin/R3/Humanos/EM2030-00749-2022-05-06T22-35-58-056dB.wav,EM2030-00749-2022-05-06T22-35-58-056dB.wav,R3,Humanos,1920044,2022-05-06,22:35:58,10.0
11,11,CMPC Buin/R3/Humanos/EM2030-00749-2022-04-24T03-29-56-064dB.wav,EM2030-00749-2022-04-24T03-29-56-064dB.wav,R3,Humanos,1920044,2022-04-24,03:29:56,10.0
12,12,CMPC Buin/R3/Humanos/EM2030-00749-2022-04-24T03-40-47-058dB.wav,EM2030-00749-2022-04-24T03-40-47-058dB.wav,R3,Humanos,1920044,2022-04-24,03:40:47,10.0
13,13,CMPC Buin/R3/Humanos/EM2030-00749-2022-05-06T18-23-31-074dB.wav,EM2030-00749-2022-05-06T18-23-31-074dB.wav,R3,Humanos,1920044,2022-05-06,18:23:31,10.0
14,14,CMPC Buin/R3/Humanos/EM2030-00749-2022-06-20T18-06-14-084dB.wav,EM2030-00749-2022-06-20T18-06-14-084dB.wav,R3,Humanos,1920044,2022-06-20,18:06:14,10.0
15,15,CMPC Buin/R3/Humanos/EM2030-00749-2022-04-24T02-56-55-060dB.wav,EM2030-00749-2022-04-24T02-56-55-060dB.wav,R3,Humanos,1920044,2022-04-24,02:56:55,10.0
16,16,CMPC Buin/R3/Humanos/EM2030-00749-2022-04-24T03-16-39-061dB.wav,EM2030-00749-2022-04-24T03-16-39-061dB.wav,R3,Humanos,1920044,2022-04-24,03:16:39,10.0
17,17,CMPC Buin/R3/Humanos/EM2030-00749-2022-06-11T21-00-10-055dB.wav,EM2030-00749-2022-06-11T21-00-10-055dB.wav,R3,Humanos,1920044,2022-06-11,21:00:10,10.0
18,18,CMPC Buin/R3/Humanos/EM2030-00749-2022-04-24T04-32-01-068dB.wav,EM2030-00749-2022-04-24T04-32-01-068dB.wav,R3,Humanos,1920044,2022-04-24,04:32:01,10.0
19,19,CMPC Buin/R3/Humanos/EM2030-00749-2022-05-25T18-03-49-067dB.wav,EM2030-00749-2022-05-25T18-03-49-067dB.wav,R3,Humanos,1920044,2022-05-25,18:03:49,10.0
20,20,CMPC Buin/R3/Animales/EM2030-00749-2022-06-16T10-24-49-073dB.wav,EM2030-00749-2022-06-16T10-24-49-073dB.wav,R3,Animales,1920044,2022-06-16,10:24:49,10.0
21,21,CMPC Buin/R3/Animales/EM2030-00749-2022-07-02T21-57-46-065dB.wav,EM2030-00749-2022-07-02T21-57-46-065dB.wav,R3,Animales,1920044,2022-07-02,21:57:46,10.0
22,22,CMPC Buin/R3/Animales/EM2030-00749-2022-06-30T08-09-26-068dB.wav,EM2030-00749-2022-06-30T08-09-26-068dB.wav,R3,Animales,1920044,2022-06-30,08:09:26,10.0
23,23,CMPC Buin/R3/Animales/EM2030-00749-2022-06-07T14-50-47-067dB.wav,EM2030-00749-2022-06-07T14-50-47-067dB.wav,R3,Animales,1920044,2022-06-07,14:50:47,10.0
24,24,CMPC Buin/R3/Animales/EM2030-00749-2022-05-31T21-12-34-061dB.wav,EM2030-00749-2022-05-31T21-12-34-061dB.wav,R3,Animales,1920044,2022-05-31,21:12:34,10.0
25,25,CMPC Buin/R3/Animales/EM2030-00749-2022-06-05T04-20-00-064dB.wav,EM2030-00749-2022-06-05T04-20-00-064dB.wav,R3,Animales,1920044,2022-06-05,04:20:00,10.0
26,26,CMPC Buin/R3/Animales/EM2030-00749-2022-06-19T02-05-21-060dB.wav,EM2030-00749-2022-06-19T02-05-21-060dB.wav,R3,Animales,1920044,2022-06-19,02:05:21,10.0
27,27,CMPC Buin/R3/Animales/EM2030-00749-2022-06-18T11-36-45-068dB.wav,EM2030-00749-2022-06-18T11-36-45-068dB.wav,R3,Animales,1920044,2022-06-18,11:36:45,10.0
28,28,CMPC Buin/R3/Animales/EM2030-00749-2022-07-02T10-20-01-070dB.wav,EM2030-00749-2022-07-02T10-20-01-070dB.wav,R3,Animales,1920044,2022-07-02,10:20:01,10.0
29,29,CMPC Buin/R3/Animales/EM2030-00749-2022-06-21T13-00-40-071dB.wav,EM2030-00749-2022-06-21T13-00-40-071dB.wav,R3,Animales,1920044,2022-06-21,13:00:40,10.0
30,30,CMPC Buin/R3/Animales/EM2030-00749-2022-06-30T13-22-19-073dB.wav,EM2030-00749-2022-06-30T13-22-19-073dB.wav,R3,Animales,1920044,2022-06-30,13:22:19,10.0
31,31,CMPC Buin/R3/Animales/EM2030-00749-2022-06-13T21-43-11-062dB.wav,EM2030-00749-2022-06-13T21-43-11-062dB.wav,R3,Animales,1920044,2022-06-13,21:43:11,10.0
32,32,CMPC Buin/R3/Animales/EM2030-00749-2022-06-16T21-00-09-061dB.wav,EM2030-00749-2022-06-16T21-00-09-061dB.wav,R3,Animales,1920044,2022-06-16,21:00:09,10.0
33,33,CMPC Buin/R3/Animales/EM2030-00749-2022-06-08T12-37-59-071dB.wav,EM2030-00749-2022-06-08T12-37-59-071dB.wav,R3,Animales,1920044,2022-06-08,12:37:59,10.0
34,34,CMPC Buin/R3/Animales/EM2030-00749-2022-06-20T09-16-18-070dB.wav,EM2030-00749-2022-06-20T09-16-18-070dB.wav,R3,Animales,1920044,2022-06-20,09:16:18,10.0
35,35,CMPC Buin/R3/Animales/EM2030-00749-2022-06-21T22-18-16-063dB.wav,EM2030-00749-2022-06-21T22-18-16-063dB.wav,R3,Animales,1920044,2022-06-21,22:18:16,10.0
36,36,CMPC Buin/R3/Animales/EM2030-00749-2022-07-03T09-32-37-070dB.wav,EM2030-00749-2022-07-03T09-32-37-070dB.wav,R3,Animales,1440044,2022-07-03,09:32:37,7.5
37,37,CMPC Buin/R3/Animales/EM2030-00749-2022-06-18T16-56-30-073dB.wav,EM2030-00749-2022-06-18T16-56-30-073dB.wav,R3,Animales,1920044,2022-06-18,16:56:30,10.0
38,38,CMPC Buin/R3/Animales/EM2030-00749-2022-06-16T17-04-38-069dB.wav,EM2030-00749-2022-06-16T17-04-38-069dB.wav,R3,Animales,1920044,2022-06-16,17:04:38,10.0
39,39,CMPC Buin/R3/Animales/EM2030-00749-2022-07-03T10-30-54-072dB.wav,EM2030-00749-2022-07-03T10-30-54-072dB.wav,R3,Animales,1920044,2022-07-03,10:30:54,10.0
40,40,CMPC Buin/R3/Animales/EM2030-00749-2022-06-16T12-51-07-069dB.wav,EM2030-00749-2022-06-16T12-51-07-069dB.wav,R3,Animales,1920044,2022-06-16,12:51:07,10.0
41,41,CMPC Buin/R3/Animales/EM2030-00749-2022-06-03T04-00-40-059dB.wav,EM2030-00749-2022-06-03T04-00-40-059dB.wav,R3,Animales,1920044,2022-06-03,04:00:40,10.0
42,42,CMPC Buin/R3/Animales/EM2030-00749-2022-06-11T21-47-01-060dB.wav,EM2030-00749-2022-06-11T21-47-01-060dB.wav,R3,Animales,1920044,2022-06-11,21:47:01,10.0
43,43,CMPC Buin/R3/Animales/EM2030-00749-2022-06-14T22-39-06-059dB.wav,EM2030-00749-2022-06-14T22-39-06-059dB.wav,R3,Animales,1920044,2022-06-14,22:39:06,10.0
44,44,CMPC Buin/R3/Animales/EM2030-00749-2022-06-03T00-00-24-061dB.wav,EM2030-00749-2022-06-03T00-00-24-061dB.wav,R3,Animales,1920044,2022-06-03,00:00:24,10.0
45,45,CMPC Buin/R3/Animales/EM2030-00749-2022-06-30T15-08-08-073dB.wav,EM2030-00749-2022-06-30T15-08-08-073dB.wav,R3,Animales,1920044,2022-06-30,15:08:08,10.0
46,46,CMPC Buin/R3/Animales/EM2030-00749-2022-06-16T23-48-04-057dB.wav,EM2030-00749-2022-06-16T23-48-04-057dB.wav,R3,Animales,1920044,2022-06-16,23:48:04,10.0
47,47,CMPC Buin/R3/Animales/EM2030-00749-2022-06-17T21-23-25-059dB.wav,EM2030-00749-2022-06-17T21-23-25-059dB.wav,R3,Animales,1920044,2022-06-17,21:23:25,10.0
48,48,CMPC Buin/R3/Animales/EM2030-00749-2022-06-20T10-17-04-073dB.wav,EM2030-00749-2022-06-20T10-17-04-073dB.wav,R3,Animales,1920044,2022-06-20,10:17:04,10.0
49,49,CMPC Buin/R3/Animales/EM2030-00749-2022-06-22T13-30-43-072dB.wav,EM2030-00749-2022-06-22T13-30-43-072dB.wav,R3,Animales,1920044,2022-06-22,13:30:43,10.0
50,50,CMPC Buin/R3/Animales/EM2030-00749-2022-05-31T14-59-37-069dB.wav,EM2030-00749-2022-05-31T14-59-37-069dB.wav,R3,Animales,1920044,2022-05-31,14:59:37,10.0
51,51,CMPC Buin/R3/Animales/EM2030-00749-2022-06-07T02-15-03-061dB.wav,EM2030-00749-2022-06-07T02-15-03-061dB.wav,R3,Animales,1920044,2022-06-07,02:15:03,10.0
52,52,CMPC Buin/R3/Animales/EM2030-00749-2022-06-17T18-01-56-071dB.wav,EM2030-00749-2022-06-17T18-01-56-071dB.wav,R3,Animales,1920044,2022-06-17,18:01:56,10.0
53,53,CMPC Buin/R3/Animales/EM2030-00749-2022-06-29T21-04-28-061dB.wav,EM2030-00749-2022-06-29T21-04-28-061dB.wav,R3,Animales,1920044,2022-06-29,21:04:28,10.0
54,54,CMPC Buin/R3/Animales/EM2030-00749-2022-06-12T02-26-47-067dB.wav,EM2030-00749-2022-06-12T02-26-47-067dB.wav,R3,Animales,1920044,2022-06-12,02:26:47,10.0
55,55,CMPC Buin/R3/Animales/EM2030-00749-2022-06-17T21-13-23-060dB.wav,EM2030-00749-2022-06-17T21-13-23-060dB.wav,R3,Animales,1920044,2022-06-17,21:13:23,10.0
56,56,CMPC Buin/R3/Animales/EM2030-00749-2022-06-13T17-10-49-071dB.wav,EM2030-00749-2022-06-13T17-10-49-071dB.wav,R3,Animales,1920044,2022-06-13,17:10:49,10.0
57,57,CMPC Buin/R3/Animales/EM2030-00749-2022-06-11T22-08-27-061dB.wav,EM2030-00749-2022-06-11T22-08-27-061dB.wav,R3,Animales,1920044,2022-06-11,22:08:27,10.0
58,58,CMPC Buin/R3/Animales/EM2030-00749-2022-06-19T21-43-10-065dB.wav,EM2030-00749-2022-06-19T21-43-10-065dB.wav,R3,Animales,1920044,2022-06-19,21:43:10,10.0
59,59,CMPC Buin/R3/Animales/EM2030-00749-2022-05-31T13-14-22-073dB.wav,EM2030-00749-2022-05-31T13-14-22-073dB.wav,R3,Animales,1920044,2022-05-31,13:14:22,10.0
60,60,CMPC Buin/R3/Animales/EM2030-00749-2022-06-21T12-18-39-071dB.wav,EM2030-00749-2022-06-21T12-18-39-071dB.wav,R3,Animales,1920044,2022-06-21,12:18:39,10.0
61,61,CMPC Buin/R3/Animales/EM2030-00749-2022-07-01T05-13-27-057dB.wav,EM2030-00749-2022-07-01T05-13-27-057dB.wav,R3,Animales,1920044,2022-07-01,05:13:27,10.0
62,62,CMPC Buin/R3/Animales/EM2030-00749-2022-06-09T18-15-58-072dB.wav,EM2030-00749-2022-06-09T18-15-58-072dB.wav,R3,Animales,1920044,2022-06-09,18:15:58,10.0
63,63,CMPC Buin/R3/Animales/EM2030-00749-2022-06-05T12-30-47-071dB.wav,EM2030-00749-2022-06-05T12-30-47-071dB.wav,R3,Animales,1920044,2022-06-05,12:30:47,10.0
64,64,CMPC Buin/R3/Animales/EM2030-00749-2022-06-18T21-01-57-060dB.wav,EM2030-00749-2022-06-18T21-01-57-060dB.wav,R3,Animales,1920044,2022-06-18,21:01:57,10.0
65,65,CMPC Buin/R3/Animales/EM2030-00749-2022-07-02T11-59-43-070dB.wav,EM2030-00749-2022-07-02T11-59-43-070dB.wav,R3,Animales,1920044,2022-07-02,11:59:43,10.0
66,66,CMPC Buin/R3/Animales/EM2030-00749-2022-06-08T12-27-29-071dB.wav,EM2030-00749-2022-06-08T12-27-29-071dB.wav,R3,Animales,1920044,2022-06-08,12:27:29,10.0
67,67,CMPC Buin/R3/Animales/EM2030-00749-2022-06-30T23-18-12-061dB.wav,EM2030-00749-2022-06-30T23-18-12-061dB.wav,R3,Animales,1920044,2022-06-30,23:18:12,10.0
68,68,CMPC Buin/R3/Animales/EM2030-00749-2022-06-22T09-54-42-066dB.wav,EM2030-00749-2022-06-22T09-54-42-066dB.wav,R3,Animales,1920044,2022-06-22,09:54:42,10.0
69,69,CMPC Buin/R3/Animales/EM2030-00749-2022-06-13T21-53-18-065dB.wav,EM2030-00749-2022-06-13T21-53-18-065dB.wav,R3,Animales,1920044,2022-06-13,21:53:18,10.0
70,70,CMPC Buin/R3/Animales/EM2030-00749-2022-06-28T12-10-41-074dB.wav,EM2030-00749-2022-06-28T12-10-41-074dB.wav,R3,Animales,1920044,2022-06-28,12:10:41,10.0
71,71,CMPC Buin/R3/Animales/EM2030-00749-2022-06-20T11-27-37-071dB.wav,EM2030-00749-2022-06-20T11-27-37-071dB.wav,R3,Animales,1920044,2022-06-20,11:27:37,10.0
72,72,CMPC Buin/R3/Animales/EM2030-00749-2022-06-22T21-17-06-062dB.wav,EM2030-00749-2022-06-22T21-17-06-062dB.wav,R3,Animales,1920044,2022-06-22,21:17:06,10.0
73,73,CMPC Buin/R3/Animales/EM2030-00749-2022-06-03T00-44-04-071dB.wav,EM2030-00749-2022-06-03T00-44-04-071dB.wav,R3,Animales,1920044,2022-06-03,00:44:04,10.0
74,74,CMPC Buin/R3/Animales/EM2030-00749-2022-06-23T06-46-53-059dB.wav,EM2030-00749-2022-06-23T06-46-53-059dB.wav,R3,Animales,1920044,2022-06-23,06:46:53,10.0
75,75,CMPC Buin/R3/Animales/EM2030-00749-2022-05-31T10-12-29-070dB.wav,EM2030-00749-2022-05-31T10-12-29-070dB.wav,R3,Animales,1920044,2022-05-31,10:12:29,10.0
76,76,CMPC Buin/R3/Animales/EM2030-00749-2022-06-01T22-24-06-058dB.wav,EM2030-00749-2022-06-01T22-24-06-058dB.wav,R3,Animales,1920044,2022-06-01,22:24:06,10.0
77,77,CMPC Buin/R3/Animales/EM2030-00749-2022-06-27T23-24-35-057dB.wav,EM2030-00749-2022-06-27T23-24-35-057dB.wav,R3,Animales,1920044,2022-06-27,23:24:35,10.0
78,78,CMPC Buin/R3/Animales/EM2030-00749-2022-06-25T00-03-53-066dB.wav,EM2030-00749-2022-06-25T00-03-53-066dB.wav,R3,Animales,1920044,2022-06-25,00:03:53,10.0
79,79,CMPC Buin/R3/Animales/EM2030-00749-2022-06-14T03-12-29-062dB.wav,EM2030-00749-2022-06-14T03-12-29-062dB.wav,R3,Animales,1920044,2022-06-14,03:12:29,10.0
80,80,CMPC Buin/R3/Animales/EM2030-00749-2022-07-03T08-31-32-070dB.wav,EM2030-00749-2022-07-03T08-31-32-070dB.wav,R3,Animales,1920044,2022-07-03,08:31:32,10.0
81,81,CMPC Buin/R3/Animales/EM2030-00749-2022-06-05T22-47-29-059dB.wav,EM2030-00749-2022-06-05T22-47-29-059dB.wav,R3,Animales,1920044,2022-06-05,22:47:29,10.0
82,82,CMPC Buin/R3/Animales/EM2030-00749-2022-06-30T10-50-59-074dB.wav,EM2030-00749-2022-06-30T10-50-59-074dB.wav,R3,Animales,1920044,2022-06-30,10:50:59,10.0
83,83,CMPC Buin/R3/Animales/EM2030-00749-2022-06-16T13-09-14-071dB.wav,EM2030-00749-2022-06-16T13-09-14-071dB.wav,R3,Animales,1920044,2022-06-16,13:09:14,10.0
84,84,CMPC Buin/R3/Animales/EM2030-00749-2022-06-30T15-30-20-070dB.wav,EM2030-00749-2022-06-30T15-30-20-070dB.wav,R3,Animales,1920044,2022-06-30,15:30:20,10.0
85,85,CMPC Buin/R3/Animales/EM2030-00749-2022-06-16T21-47-14-062dB.wav,EM2030-00749-2022-06-16T21-47-14-062dB.wav,R3,Animales,1920044,2022-06-16,21:47:14,10.0
86,86,CMPC Buin/R3/Animales/EM2030-00749-2022-06-08T03-49-56-061dB.wav,EM2030-00749-2022-06-08T03-49-56-061dB.wav,R3,Animales,1920044,2022-06-08,03:49:56,10.0
87,87,CMPC Buin/R3/Animales/EM2030-00749-2022-06-10T16-46-38-075dB.wav,EM2030-00749-2022-06-10T16-46-38-075dB.wav,R3,Animales,1920044,2022-06-10,16:46:38,10.0
88,88,CMPC Buin/R3/Animales/EM2030-00749-2022-06-16T10-06-37-067dB.wav,EM2030-00749-2022-06-16T10-06-37-067dB.wav,R3,Animales,1920044,2022-06-16,10:06:37,10.0
89,89,CMPC Buin/R3/Animales/EM2030-00749-2022-06-03T00-10-33-059dB.wav,EM2030-00749-2022-06-03T00-10-33-059dB.wav,R3,Animales,1920044,2022-06-03,00:10:33,10.0
90,90,CMPC Buin/R3/Animales/EM2030-00749-2022-06-16T19-57-59-072dB.wav,EM2030-00749-2022-06-16T19-57-59-072dB.wav,R3,Animales,1920044,2022-06-16,19:57:59,10.0
91,91,CMPC Buin/R3/Animales/EM2030-00749-2022-06-12T13-37-47-068dB.wav,EM2030-00749-2022-06-12T13-37-47-068dB.wav,R3,Animales,1920044,2022-06-12,13:37:47,10.0
92,92,CMPC Buin/R3/Animales/EM2030-00749-2022-07-04T04-46-39-058dB.wav,EM2030-00749-2022-07-04T04-46-39-058dB.wav,R3,Animales,1920044,2022-07-04,04:46:39,10.0
93,93,CMPC Buin/R3/Animales/EM2030-00749-2022-06-20T00-07-04-065dB.wav,EM2030-00749-2022-06-20T00-07-04-065dB.wav,R3,Animales,1920044,2022-06-20,00:07:04,10.0
94,94,CMPC Buin/R3/Animales/EM2030-00749-2022-06-19T21-19-39-061dB.wav,EM2030-00749-2022-06-19T21-19-39-061dB.wav,R3,Animales,1920044,2022-06-19,21:19:39,10.0
95,95,CMPC Buin/R3/Animales/EM2030-00749-2022-07-05T15-44-56-073dB.wav,EM2030-00749-2022-07-05T15-44-56-073dB.wav,R3,Animales,1920044,2022-07-05,15:44:56,10.0
96,96,CMPC Buin/R3/Animales/EM2030-00749-2022-06-02T23-43-56-065dB.wav,EM2030-00749-2022-06-02T23-43-56-065dB.wav,R3,Animales,1920044,2022-06-02,23:43:56,10.0
97,97,CMPC Buin/R3/Animales/EM2030-00749-2022-06-02T21-14-52-061dB.wav,EM2030-00749-2022-06-02T21-14-52-061dB.wav,R3,Animales,1920044,2022-06-02,21:14:52,10.0
98,98,CMPC Buin/R3/Animales/EM2030-00749-2022-07-03T09-42-45-069dB.wav,EM2030-00749-2022-07-03T09-42-45-069dB.wav,R3,Animales,1920044,2022-07-03,09:42:45,10.0
99,99,CMPC Buin/R3/Animales/EM2030-00749-2022-06-06T16-33-30-071dB.wav,EM2030-00749-2022-06-06T16-33-30-071dB.wav,R3,Animales,1920044,2022-06-06,16:33:30,10.0
100,100,CMPC Buin/R3/Animales/EM2030-00749-2022-06-11T06-36-21-059dB.wav,EM2030-00749-2022-06-11T06-36-21-059dB.wav,R3,Animales,1920044,2022-06-11,06:36:21,10.0
101,101,CMPC Buin/R3/Animales/EM2030-00749-2022-07-03T05-40-44-072dB.wav,EM2030-00749-2022-07-03T05-40-44-072dB.wav,R3,Animales,1920044,2022-07-03,05:40:44,10.0
102,102,CMPC Buin/R3/Animales/EM2030-00749-2022-06-04T19-06-17-074dB.wav,EM2030-00749-2022-06-04T19-06-17-074dB.wav,R3,Animales,1920044,2022-06-04,19:06:17,10.0
103,103,CMPC Buin/R3/Animales/EM2030-00749-2022-06-30T21-10-28-058dB.wav,EM2030-00749-2022-06-30T21-10-28-058dB.wav,R3,Animales,1920044,2022-06-30,21:10:28,10.0
104,104,CMPC Buin/R3/Animales/EM2030-00749-2022-06-16T22-07-22-058dB.wav,EM2030-00749-2022-06-16T22-07-22-058dB.wav,R3,Animales,1920044,2022-06-16,22:07:22,10.0
105,105,CMPC Buin/R3/Animales/EM2030-00749-2022-06-04T21-00-24-063dB.wav,EM2030-00749-2022-06-04T21-00-24-063dB.wav,R3,Animales,1920044,2022-06-04,21:00:24,10.0
106,106,CMPC Buin/R3/Animales/EM2030-00749-2022-06-22T12-47-17-070dB.wav,EM2030-00749-2022-06-22T12-47-17-070dB.wav,R3,Animales,1920044,2022-06-22,12:47:17,10.0
107,107,CMPC Buin/R3/Animales/EM2030-00749-2022-06-18T15-27-36-068dB.wav,EM2030-00749-2022-06-18T15-27-36-068dB.wav,R3,Animales,1920044,2022-06-18,15:27:36,10.0
108,108,CMPC Buin/R3/Animales/EM2030-00749-2022-07-04T03-49-41-057dB.wav,EM2030-00749-2022-07-04T03-49-41-057dB.wav,R3,Animales,1920044,2022-07-04,03:49:41,10.0
109,109,CMPC Buin/R3/Animales/EM2030-00749-2022-06-09T09-35-24-067dB.wav,EM2030-00749-2022-06-09T09-35-24-067dB.wav,R3,Animales,1920044,2022-06-09,09:35:24,10.0
110,110,CMPC Buin/R3/Animales/EM2030-00749-2022-07-01T14-30-55-068dB.wav,EM2030-00749-2022-07-01T14-30-55-068dB.wav,R3,Animales,1920044,2022-07-01,14:30:55,10.0
111,111,CMPC Buin/R3/Animales/EM2030-00749-2022-06-24T11-04-57-077dB.wav,EM2030-00749-2022-06-24T11-04-57-077dB.wav,R3,Animales,1920044,2022-06-24,11:04:57,10.0
112,112,CMPC Buin/R3/Animales/EM2030-00749-2022-05-31T23-50-43-056dB.wav,EM2030-00749-2022-05-31T23-50-43-056dB.wav,R3,Animales,1920044,2022-05-31,23:50:43,10.0
113,113,CMPC Buin/R3/Animales/EM2030-00749-2022-06-05T23-50-52-060dB.wav,EM2030-00749-2022-06-05T23-50-52-060dB.wav,R3,Animales,1920044,2022-06-05,23:50:52,10.0
114,114,CMPC Buin/R3/Animales/EM2030-00749-2022-07-03T21-45-39-057dB.wav,EM2030-00749-2022-07-03T21-45-39-057dB.wav,R3,Animales,1920044,2022-07-03,21:45:39,10.0
115,115,CMPC Buin/R3/Animales/EM2030-00749-2022-06-30T14-56-22-071dB.wav,EM2030-00749-2022-06-30T14-56-22-071dB.wav,R3,Animales,1920044,2022-06-30,14:56:22,10.0
116,116,CMPC Buin/R3/Animales/EM2030-00749-2022-07-02T21-10-23-071dB.wav,EM2030-00749-2022-07-02T21-10-23-071dB.wav,R3,Animales,1920044,2022-07-02,21:10:23,10.0
117,117,CMPC Buin/R3/Animales/EM2030-00749-2022-06-27T09-46-17-069dB.wav,EM2030-00749-2022-06-27T09-46-17-069dB.wav,R3,Animales,1920044,2022-06-27,09:46:17,10.0
118,118,CMPC Buin/R3/Animales/EM2030-00749-2022-06-28T23-29-02-061dB.wav,EM2030-00749-2022-06-28T23-29-02-061dB.wav,R3,Animales,1920044,2022-06-28,23:29:02,10.0
119,119,CMPC Buin/R3/Animales/EM2030-00749-2022-06-26T11-50-34-068dB.wav,EM2030-00749-2022-06-26T11-50-34-068dB.wav,R3,Animales,1920044,2022-06-26,11:50:34,10.0
120,120,CMPC Buin/R3/Animales/EM2030-00749-2022-06-13T22-07-15-064dB.wav,EM2030-00749-2022-06-13T22-07-15-064dB.wav,R3,Animales,1920044,2022-06-13,22:07:15,10.0
121,121,CMPC Buin/R3/Animales/EM2030-00749-2022-07-02T21-26-01-063dB.wav,EM2030-00749-2022-07-02T21-26-01-063dB.wav,R3,Animales,1920044,2022-07-02,21:26:01,10.0
122,122,CMPC Buin/R3/Animales/EM2030-00749-2022-06-25T21-39-42-062dB.wav,EM2030-00749-2022-06-25T21-39-42-062dB.wav,R3,Animales,1920044,2022-06-25,21:39:42,10.0
123,123,CMPC Buin/R3/Animales/EM2030-00749-2022-07-03T21-29-32-064dB.wav,EM2030-00749-2022-07-03T21-29-32-064dB.wav,R3,Animales,1920044,2022-07-03,21:29:32,10.0
124,124,CMPC Buin/R3/Animales/EM2030-00749-2022-07-01T22-17-20-062dB.wav,EM2030-00749-2022-07-01T22-17-20-062dB.wav,R3,Animales,1920044,2022-07-01,22:17:20,10.0
125,125,CMPC Buin/R3/Animales/EM2030-00749-2022-06-25T11-54-04-070dB.wav,EM2030-00749-2022-06-25T11-54-04-070dB.wav,R3,Animales,1920044,2022-06-25,11:54:04,10.0
126,126,CMPC Buin/R3/Animales/EM2030-00749-2022-06-23T14-55-40-069dB.wav,EM2030-00749-2022-06-23T14-55-40-069dB.wav,R3,Animales,1920044,2022-06-23,14:55:40,10.0
127,127,CMPC Buin/R3/Animales/EM2030-00749-2022-06-08T11-37-31-071dB.wav,EM2030-00749-2022-06-08T11-37-31-071dB.wav,R3,Animales,1920044,2022-06-08,11:37:31,10.0
128,128,CMPC Buin/R3/Animales/EM2030-00749-2022-06-02T15-50-44-072dB.wav,EM2030-00749-2022-06-02T15-50-44-072dB.wav,R3,Animales,1920044,2022-06-02,15:50:44,10.0
129,129,CMPC Buin/R3/Animales/EM2030-00749-2022-06-13T22-30-38-066dB.wav,EM2030-00749-2022-06-13T22-30-38-066dB.wav,R3,Animales,1920044,2022-06-13,22:30:38,10.0
130,130,CMPC Buin/R3/Animales/EM2030-00749-2022-06-07T23-29-10-056dB.wav,EM2030-00749-2022-06-07T23-29-10-056dB.wav,R3,Animales,1920044,2022-06-07,23:29:10,10.0
131,131,CMPC Buin/R3/Animales/EM2030-00749-2022-05-31T21-00-11-063dB.wav,EM2030-00749-2022-05-31T21-00-11-063dB.wav,R3,Animales,1920044,2022-05-31,21:00:11,10.0
132,132,CMPC Buin/R3/Fаbrica/EM2030-00749-2022-06-08T07-53-58-071dB.wav,EM2030-00749-2022-06-08T07-53-58-071dB.wav,R3,Fаbrica,1920044,2022-06-08,07:53:58,10.0
133,133,CMPC Buin/R3/Fаbrica/EM2030-00749-2022-06-09T16-02-51-067dB.wav,EM2030-00749-2022-06-09T16-02-51-067dB.wav,R3,Fаbrica,1920044,2022-06-09,16:02:51,10.0
134,134,CMPC Buin/R3/Fаbrica/EM2030-00749-2022-06-13T09-34-12-068dB.wav,EM2030-00749-2022-06-13T09-34-12-068dB.wav,R3,Fаbrica,1920044,2022-06-13,09:34:12,10.0
135,135,CMPC Buin/R3/Fаbrica/EM2030-00749-2022-06-13T19-10-37-065dB.wav,EM2030-00749-2022-06-13T19-10-37-065dB.wav,R3,Fаbrica,1920044,2022-06-13,19:10:37,10.0
136,136,CMPC Buin/R3/Fаbrica/EM2030-00749-2022-06-06T08-34-40-067dB.wav,EM2030-00749-2022-06-06T08-34-40-067dB.wav,R3,Fаbrica,1920044,2022-06-06,08:34:40,10.0
137,137,CMPC Buin/R3/Fаbrica/EM2030-00749-2022-07-04T15-05-25-067dB.wav,EM2030-00749-2022-07-04T15-05-25-067dB.wav,R3,Fаbrica,1920044,2022-07-04,15:05:25,10.0
138,138,CMPC Buin/R3/Fаbrica/EM2030-00749-2022-05-31T17-02-40-068dB.wav,EM2030-00749-2022-05-31T17-02-40-068dB.wav,R3,Fаbrica,1920044,2022-05-31,17:02:40,10.0
139,139,CMPC Buin/R3/Fаbrica/EM2030-00749-2022-06-01T17-41-12-066dB.wav,EM2030-00749-2022-06-01T17-41-12-066dB.wav,R3,Fаbrica,1920044,2022-06-01,17:41:12,10.0
140,140,CMPC Buin/R3/Fаbrica/EM2030-00749-2022-06-13T14-30-16-068dB.wav,EM2030-00749-2022-06-13T14-30-16-068dB.wav,R3,Fаbrica,1920044,2022-06-13,14:30:16,10.0
141,141,CMPC Buin/R3/Fаbrica/EM2030-00749-2022-06-24T09-47-35-067dB.wav,EM2030-00749-2022-06-24T09-47-35-067dB.wav,R3,Fаbrica,1920044,2022-06-24,09:47:35,10.0
142,142,CMPC Buin/R3/Fаbrica/EM2030-00749-2022-06-29T08-31-16-068dB.wav,EM2030-00749-2022-06-29T08-31-16-068dB.wav,R3,Fаbrica,1920044,2022-06-29,08:31:16,10.0
143,143,CMPC Buin/R3/Fаbrica/EM2030-00749-2022-06-09T08-36-00-070dB.wav,EM2030-00749-2022-06-09T08-36-00-070dB.wav,R3,Fаbrica,1920044,2022-06-09,08:36:00,10.0
144,144,CMPC Buin/R3/Fаbrica/EM2030-00749-2022-06-14T16-16-23-070dB.wav,EM2030-00749-2022-06-14T16-16-23-070dB.wav,R3,Fаbrica,1920044,2022-06-14,16:16:23,10.0
145,145,CMPC Buin/R3/Fаbrica/EM2030-00749-2022-01-10T15-53-06-077dB.wav,EM2030-00749-2022-01-10T15-53-06-077dB.wav,R3,Fаbrica,1920044,2022-01-10,15:53:06,10.0
146,146,CMPC Buin/R3/Fаbrica/EM2030-00749-2022-06-18T11-17-19-068dB.wav,EM2030-00749-2022-06-18T11-17-19-068dB.wav,R3,Fаbrica,1920044,2022-06-18,11:17:19,10.0
147,147,CMPC Buin/R3/Fаbrica/EM2030-00749-2022-07-01T15-20-34-069dB.wav,EM2030-00749-2022-07-01T15-20-34-069dB.wav,R3,Fаbrica,1920044,2022-07-01,15:20:34,10.0
148,148,CMPC Buin/R3/Fаbrica/EM2030-00749-2022-06-09T11-33-12-067dB.wav,EM2030-00749-2022-06-09T11-33-12-067dB.wav,R3,Fаbrica,1920044,2022-06-09,11:33:12,10.0
149,149,CMPC Buin/R3/Fаbrica/EM2030-00749-2022-06-30T16-04-47-067dB.wav,EM2030-00749-2022-06-30T16-04-47-067dB.wav,R3,Fаbrica,1920044,2022-06-30,16:04:47,10.0
150,150,CMPC Buin/R3/Fаbrica/EM2030-00749-2022-06-02T09-57-00-070dB.wav,EM2030-00749-2022-06-02T09-57-00-070dB.wav,R3,Fаbrica,1920044,2022-06-02,09:57:00,10.0
151,151,CMPC Buin/R3/Fаbrica/EM2030-00749-2022-06-24T07-37-58-067dB.wav,EM2030-00749-2022-06-24T07-37-58-067dB.wav,R3,Fаbrica,1920044,2022-06-24,07:37:58,10.0
152,152,CMPC Buin/R3/Fаbrica/EM2030-00749-2022-06-09T17-13-15-066dB.wav,EM2030-00749-2022-06-09T17-13-15-066dB.wav,R3,Fаbrica,1920044,2022-06-09,17:13:15,10.0
153,153,CMPC Buin/R3/Fаbrica/EM2030-00749-2022-06-14T09-07-40-070dB.wav,EM2030-00749-2022-06-14T09-07-40-070dB.wav,R3,Fаbrica,1920044,2022-06-14,09:07:40,10.0
154,154,CMPC Buin/R3/Fаbrica/EM2030-00749-2022-06-14T10-14-41-066dB.wav,EM2030-00749-2022-06-14T10-14-41-066dB.wav,R3,Fаbrica,1920044,2022-06-14,10:14:41,10.0
155,155,CMPC Buin/R3/Fаbrica/EM2030-00749-2022-06-01T14-29-38-067dB.wav,EM2030-00749-2022-06-01T14-29-38-067dB.wav,R3,Fаbrica,1920044,2022-06-01,14:29:38,10.0
156,156,CMPC Buin/R3/Fаbrica/EM2030-00749-2022-07-04T12-27-00-068dB.wav,EM2030-00749-2022-07-04T12-27-00-068dB.wav,R3,Fаbrica,1920044,2022-07-04,12:27:00,10.0
157,157,CMPC Buin/R3/Fаbrica/EM2030-00749-2022-06-01T15-20-18-070dB.wav,EM2030-00749-2022-06-01T15-20-18-070dB.wav,R3,Fаbrica,1920044,2022-06-01,15:20:18,10.0
158,158,CMPC Buin/R3/Fаbrica/EM2030-00749-2022-06-01T11-46-33-066dB.wav,EM2030-00749-2022-06-01T11-46-33-066dB.wav,R3,Fаbrica,1920044,2022-06-01,11:46:33,10.0
159,159,CMPC Buin/R3/Fаbrica/EM2030-00749-2022-06-01T14-18-30-066dB.wav,EM2030-00749-2022-06-01T14-18-30-066dB.wav,R3,Fаbrica,1920044,2022-06-01,14:18:30,10.0
160,160,CMPC Buin/R3/Fаbrica/EM2030-00749-2022-07-03T08-15-07-069dB.wav,EM2030-00749-2022-07-03T08-15-07-069dB.wav,R3,Fаbrica,1920044,2022-07-03,08:15:07,10.0
161,161,CMPC Buin/R3/Fаbrica/EM2030-00749-2022-07-01T09-04-29-066dB.wav,EM2030-00749-2022-07-01T09-04-29-066dB.wav,R3,Fаbrica,1920044,2022-07-01,09:04:29,10.0
162,162,CMPC Buin/R3/Fаbrica/EM2030-00749-2022-06-05T10-45-49-069dB.wav,EM2030-00749-2022-06-05T10-45-49-069dB.wav,R3,Fаbrica,1920044,2022-06-05,10:45:49,10.0
163,163,CMPC Buin/R3/Fаbrica/EM2030-00749-2022-06-05T11-12-36-069dB.wav,EM2030-00749-2022-06-05T11-12-36-069dB.wav,R3,Fаbrica,1920044,2022-06-05,11:12:36,10.0
164,164,CMPC Buin/R3/Fаbrica/EM2030-00749-2022-07-01T11-04-01-067dB.wav,EM2030-00749-2022-07-01T11-04-01-067dB.wav,R3,Fаbrica,1920044,2022-07-01,11:04:01,10.0
165,165,CMPC Buin/R3/Fаbrica/EM2030-00749-2022-06-28T09-53-41-065dB.wav,EM2030-00749-2022-06-28T09-53-41-065dB.wav,R3,Fаbrica,1920044,2022-06-28,09:53:41,10.0
166,166,CMPC Buin/R3/Fаbrica/EM2030-00749-2022-06-05T10-04-51-066dB.wav,EM2030-00749-2022-06-05T10-04-51-066dB.wav,R3,Fаbrica,1920044,2022-06-05,10:04:51,10.0
167,167,CMPC Buin/R3/Fаbrica/EM2030-00749-2022-06-30T08-29-28-066dB.wav,EM2030-00749-2022-06-30T08-29-28-066dB.wav,R3,Fаbrica,1920044,2022-06-30,08:29:28,10.0
168,168,CMPC Buin/R3/Fаbrica/EM2030-00749-2022-06-30T20-44-26-068dB.wav,EM2030-00749-2022-06-30T20-44-26-068dB.wav,R3,Fаbrica,1920044,2022-06-30,20:44:26,10.0
169,169,CMPC Buin/R3/Fаbrica/EM2030-00749-2022-06-13T12-04-35-068dB.wav,EM2030-00749-2022-06-13T12-04-35-068dB.wav,R3,Fаbrica,1920044,2022-06-13,12:04:35,10.0
170,170,CMPC Buin/R3/Fаbrica/EM2030-00749-2022-07-01T16-44-57-067dB.wav,EM2030-00749-2022-07-01T16-44-57-067dB.wav,R3,Fаbrica,1920044,2022-07-01,16:44:57,10.0
171,171,CMPC Buin/R3/Fаbrica/EM2030-00749-2022-06-08T19-07-20-067dB.wav,EM2030-00749-2022-06-08T19-07-20-067dB.wav,R3,Fаbrica,1920044,2022-06-08,19:07:20,10.0
172,172,CMPC Buin/R3/Fаbrica/EM2030-00749-2022-06-13T14-15-23-068dB.wav,EM2030-00749-2022-06-13T14-15-23-068dB.wav,R3,Fаbrica,1920044,2022-06-13,14:15:23,10.0
173,173,CMPC Buin/R3/Fаbrica/EM2030-00749-2022-06-13T10-43-50-069dB.wav,EM2030-00749-2022-06-13T10-43-50-069dB.wav,R3,Fаbrica,1920044,2022-06-13,10:43:50,10.0
174,174,CMPC Buin/R3/Fаbrica/EM2030-00749-2022-06-05T10-25-55-069dB.wav,EM2030-00749-2022-06-05T10-25-55-069dB.wav,R3,Fаbrica,1920044,2022-06-05,10:25:55,10.0
175,175,CMPC Buin/R3/Fаbrica/EM2030-00749-2022-06-13T16-20-39-070dB.wav,EM2030-00749-2022-06-13T16-20-39-070dB.wav,R3,Fаbrica,1920044,2022-06-13,16:20:39,10.0
176,176,CMPC Buin/R3/Fаbrica/EM2030-00749-2022-06-13T13-44-20-066dB.wav,EM2030-00749-2022-06-13T13-44-20-066dB.wav,R3,Fаbrica,1920044,2022-06-13,13:44:20,10.0
177,177,CMPC Buin/R3/Fаbrica/EM2030-00749-2022-06-09T17-24-06-068dB.wav,EM2030-00749-2022-06-09T17-24-06-068dB.wav,R3,Fаbrica,1920044,2022-06-09,17:24:06,10.0
178,178,CMPC Buin/R3/Fаbrica/EM2030-00749-2022-06-24T14-45-15-072dB.wav,EM2030-00749-2022-06-24T14-45-15-072dB.wav,R3,Fаbrica,1920044,2022-06-24,14:45:15,10.0
179,179,CMPC Buin/R3/Fаbrica/EM2030-00749-2022-05-31T10-56-32-066dB.wav,EM2030-00749-2022-05-31T10-56-32-066dB.wav,R3,Fаbrica,1920044,2022-05-31,10:56:32,10.0
180,180,CMPC Buin/R3/Fаbrica/EM2030-00749-2022-06-15T13-03-00-068dB.wav,EM2030-00749-2022-06-15T13-03-00-068dB.wav,R3,Fаbrica,1920044,2022-06-15,13:03:00,10.0
181,181,CMPC Buin/R3/Fаbrica/EM2030-00749-2022-06-16T10-38-03-066dB.wav,EM2030-00749-2022-06-16T10-38-03-066dB.wav,R3,Fаbrica,1920044,2022-06-16,10:38:03,10.0
182,182,CMPC Buin/R3/Fаbrica/EM2030-00749-2022-06-05T11-34-10-068dB.wav,EM2030-00749-2022-06-05T11-34-10-068dB.wav,R3,Fаbrica,1920044,2022-06-05,11:34:10,10.0
183,183,CMPC Buin/R3/Fаbrica/EM2030-00749-2022-06-29T09-24-28-068dB.wav,EM2030-00749-2022-06-29T09-24-28-068dB.wav,R3,Fаbrica,1920044,2022-06-29,09:24:28,10.0
184,184,CMPC Buin/R3/Fаbrica/EM2030-00749-2022-06-24T15-32-55-068dB.wav,EM2030-00749-2022-06-24T15-32-55-068dB.wav,R3,Fаbrica,1920044,2022-06-24,15:32:55,10.0
185,185,CMPC Buin/R3/Fаbrica/EM2030-00749-2022-06-13T17-00-32-068dB.wav,EM2030-00749-2022-06-13T17-00-32-068dB.wav,R3,Fаbrica,1920044,2022-06-13,17:00:32,10.0
186,186,CMPC Buin/R3/Fаbrica/EM2030-00749-2022-06-30T12-19-31-080dB.wav,EM2030-00749-2022-06-30T12-19-31-080dB.wav,R3,Fаbrica,1920044,2022-06-30,12:19:31,10.0
187,187,CMPC Buin/R3/Fаbrica/EM2030-00749-2022-06-24T16-00-09-072dB.wav,EM2030-00749-2022-06-24T16-00-09-072dB.wav,R3,Fаbrica,1920044,2022-06-24,16:00:09,10.0
188,188,CMPC Buin/R3/Fаbrica/EM2030-00749-2022-06-13T10-59-36-068dB.wav,EM2030-00749-2022-06-13T10-59-36-068dB.wav,R3,Fаbrica,1920044,2022-06-13,10:59:36,10.0
189,189,CMPC Buin/R3/Fаbrica/EM2030-00749-2022-06-03T10-26-33-066dB.wav,EM2030-00749-2022-06-03T10-26-33-066dB.wav,R3,Fаbrica,1920044,2022-06-03,10:26:33,10.0
190,190,CMPC Buin/R3/Fаbrica/EM2030-00749-2022-06-13T14-56-33-067dB.wav,EM2030-00749-2022-06-13T14-56-33-067dB.wav,R3,Fаbrica,1920044,2022-06-13,14:56:33,10.0
191,191,CMPC Buin/R3/Fаbrica/EM2030-00749-2022-06-22T17-30-57-072dB.wav,EM2030-00749-2022-06-22T17-30-57-072dB.wav,R3,Fаbrica,1920044,2022-06-22,17:30:57,10.0
192,192,CMPC Buin/R3/Fаbrica/EM2030-00749-2022-06-30T06-38-09-060dB.wav,EM2030-00749-2022-06-30T06-38-09-060dB.wav,R3,Fаbrica,1920044,2022-06-30,06:38:09,10.0
193,193,CMPC Buin/R3/Fаbrica/EM2030-00749-2022-06-14T07-41-04-072dB.wav,EM2030-00749-2022-06-14T07-41-04-072dB.wav,R3,Fаbrica,1920044,2022-06-14,07:41:04,10.0
194,194,CMPC Buin/R3/Fаbrica/EM2030-00749-2022-06-06T13-33-33-066dB.wav,EM2030-00749-2022-06-06T13-33-33-066dB.wav,R3,Fаbrica,1920044,2022-06-06,13:33:33,10.0
195,195,CMPC Buin/R3/Fаbrica/EM2030-00749-2022-06-11T07-52-29-072dB.wav,EM2030-00749-2022-06-11T07-52-29-072dB.wav,R3,Fаbrica,1920044,2022-06-11,07:52:29,10.0
196,196,CMPC Buin/R3/Fаbrica/EM2030-00749-2022-05-31T16-26-51-066dB.wav,EM2030-00749-2022-05-31T16-26-51-066dB.wav,R3,Fаbrica,1920044,2022-05-31,16:26:51,10.0
197,197,CMPC Buin/R3/Fаbrica/EM2030-00749-2022-06-08T14-44-50-069dB.wav,EM2030-00749-2022-06-08T14-44-50-069dB.wav,R3,Fаbrica,1920044,2022-06-08,14:44:50,10.0
198,198,CMPC Buin/R3/Fаbrica/EM2030-00749-2022-06-24T10-49-26-068dB.wav,EM2030-00749-2022-06-24T10-49-26-068dB.wav,R3,Fаbrica,1920044,2022-06-24,10:49:26,10.0
199,199,CMPC Buin/R3/Fаbrica/EM2030-00749-2022-05-27T14-01-34-068dB.wav,EM2030-00749-2022-05-27T14-01-34-068dB.wav,R3,Fаbrica,1920044,2022-05-27,14:01:34,10.0
200,200,CMPC Buin/R3/Fаbrica/EM2030-00749-2022-06-09T10-46-56-068dB.wav,EM2030-00749-2022-06-09T10-46-56-068dB.wav,R3,Fаbrica,1920044,2022-06-09,10:46:56,10.0
201,201,CMPC Buin/R3/Fаbrica/EM2030-00749-2022-05-30T12-18-17-069dB.wav,EM2030-00749-2022-05-30T12-18-17-069dB.wav,R3,Fаbrica,1920044,2022-05-30,12:18:17,10.0
202,202,CMPC Buin/R3/Fаbrica/EM2030-00749-2022-06-13T15-24-29-068dB.wav,EM2030-00749-2022-06-13T15-24-29-068dB.wav,R3,Fаbrica,1920044,2022-06-13,15:24:29,10.0
203,203,CMPC Buin/R3/Fаbrica/EM2030-00749-2022-06-30T18-47-45-066dB.wav,EM2030-00749-2022-06-30T18-47-45-066dB.wav,R3,Fаbrica,1920044,2022-06-30,18:47:45,10.0
204,204,CMPC Buin/R3/Fаbrica/EM2030-00749-2022-06-13T09-44-20-068dB.wav,EM2030-00749-2022-06-13T09-44-20-068dB.wav,R3,Fаbrica,1920044,2022-06-13,09:44:20,10.0
205,205,CMPC Buin/R3/Fаbrica/EM2030-00749-2022-06-14T18-26-18-066dB.wav,EM2030-00749-2022-06-14T18-26-18-066dB.wav,R3,Fаbrica,1920044,2022-06-14,18:26:18,10.0
206,206,CMPC Buin/R3/Fаbrica/EM2030-00749-2022-06-22T13-20-08-069dB.wav,EM2030-00749-2022-06-22T13-20-08-069dB.wav,R3,Fаbrica,1920044,2022-06-22,13:20:08,10.0
207,207,CMPC Buin/R3/Fаbrica/EM2030-00749-2022-06-07T18-34-02-070dB.wav,EM2030-00749-2022-06-07T18-34-02-070dB.wav,R3,Fаbrica,1920044,2022-06-07,18:34:02,10.0
208,208,CMPC Buin/R3/Fаbrica/EM2030-00749-2022-06-06T12-58-15-068dB.wav,EM2030-00749-2022-06-06T12-58-15-068dB.wav,R3,Fаbrica,1920044,2022-06-06,12:58:15,10.0
209,209,CMPC Buin/R3/Fаbrica/EM2030-00749-2022-06-02T08-30-26-066dB.wav,EM2030-00749-2022-06-02T08-30-26-066dB.wav,R3,Fаbrica,1920044,2022-06-02,08:30:26,10.0
210,210,CMPC Buin/R3/Fаbrica/EM2030-00749-2022-05-27T16-01-43-070dB.wav,EM2030-00749-2022-05-27T16-01-43-070dB.wav,R3,Fаbrica,1920044,2022-05-27,16:01:43,10.0
211,211,CMPC Buin/R3/Fаbrica/EM2030-00749-2022-06-29T14-55-39-070dB.wav,EM2030-00749-2022-06-29T14-55-39-070dB.wav,R3,Fаbrica,1920044,2022-06-29,14:55:39,10.0
212,212,CMPC Buin/R3/Fаbrica/EM2030-00749-2022-07-04T16-26-16-068dB.wav,EM2030-00749-2022-07-04T16-26-16-068dB.wav,R3,Fаbrica,1920044,2022-07-04,16:26:16,10.0
213,213,CMPC Buin/R3/Fаbrica/EM2030-00749-2022-06-28T13-53-08-066dB.wav,EM2030-00749-2022-06-28T13-53-08-066dB.wav,R3,Fаbrica,1920044,2022-06-28,13:53:08,10.0
214,214,CMPC Buin/R3/Fаbrica/EM2030-00749-2022-06-13T17-20-54-067dB.wav,EM2030-00749-2022-06-13T17-20-54-067dB.wav,R3,Fаbrica,1920044,2022-06-13,17:20:54,10.0
215,215,CMPC Buin/R3/Fаbrica/EM2030-00749-2022-06-13T09-59-56-068dB.wav,EM2030-00749-2022-06-13T09-59-56-068dB.wav,R3,Fаbrica,1920044,2022-06-13,09:59:56,10.0
216,216,CMPC Buin/R3/Fаbrica/EM2030-00749-2022-06-13T15-11-25-068dB.wav,EM2030-00749-2022-06-13T15-11-25-068dB.wav,R3,Fаbrica,1920044,2022-06-13,15:11:25,10.0
217,217,CMPC Buin/R3/Fаbrica/EM2030-00749-2022-06-22T14-24-45-075dB.wav,EM2030-00749-2022-06-22T14-24-45-075dB.wav,R3,Fаbrica,1920044,2022-06-22,14:24:45,10.0
218,218,CMPC Buin/R3/Fаbrica/EM2030-00749-2022-06-03T15-16-41-066dB.wav,EM2030-00749-2022-06-03T15-16-41-066dB.wav,R3,Fаbrica,1920044,2022-06-03,15:16:41,10.0
219,219,CMPC Buin/R3/Fаbrica/EM2030-00749-2022-06-20T16-02-33-066dB.wav,EM2030-00749-2022-06-20T16-02-33-066dB.wav,R3,Fаbrica,1920044,2022-06-20,16:02:33,10.0
220,220,CMPC Buin/R3/Fаbrica/EM2030-00749-2022-06-01T13-52-11-068dB.wav,EM2030-00749-2022-06-01T13-52-11-068dB.wav,R3,Fаbrica,1920044,2022-06-01,13:52:11,10.0
221,221,CMPC Buin/R3/Fаbrica/EM2030-00749-2022-06-23T20-43-10-068dB.wav,EM2030-00749-2022-06-23T20-43-10-068dB.wav,R3,Fаbrica,1920044,2022-06-23,20:43:10,10.0
222,222,CMPC Buin/R3/Fаbrica/EM2030-00749-2022-06-22T14-51-14-066dB.wav,EM2030-00749-2022-06-22T14-51-14-066dB.wav,R3,Fаbrica,1920044,2022-06-22,14:51:14,10.0
223,223,CMPC Buin/R3/Fаbrica/EM2030-00749-2022-06-14T11-12-37-076dB.wav,EM2030-00749-2022-06-14T11-12-37-076dB.wav,R3,Fаbrica,1920044,2022-06-14,11:12:37,10.0
224,224,CMPC Buin/R3/Fаbrica/EM2030-00749-2022-06-13T11-52-09-066dB.wav,EM2030-00749-2022-06-13T11-52-09-066dB.wav,R3,Fаbrica,1920044,2022-06-13,11:52:09,10.0
225,225,CMPC Buin/R3/Fаbrica/EM2030-00749-2022-06-13T14-05-21-066dB.wav,EM2030-00749-2022-06-13T14-05-21-066dB.wav,R3,Fаbrica,1920044,2022-06-13,14:05:21,10.0
226,226,CMPC Buin/R3/Fаbrica/EM2030-00749-2022-06-28T10-24-38-067dB.wav,EM2030-00749-2022-06-28T10-24-38-067dB.wav,R3,Fаbrica,1920044,2022-06-28,10:24:38,10.0
227,227,CMPC Buin/R3/Fаbrica/EM2030-00749-2022-06-08T17-20-37-072dB.wav,EM2030-00749-2022-06-08T17-20-37-072dB.wav,R3,Fаbrica,1920044,2022-06-08,17:20:37,10.0
228,228,CMPC Buin/R3/Fаbrica/EM2030-00749-2022-06-23T12-48-46-071dB.wav,EM2030-00749-2022-06-23T12-48-46-071dB.wav,R3,Fаbrica,1920044,2022-06-23,12:48:46,10.0
229,229,CMPC Buin/R3/Fаbrica/EM2030-00749-2022-06-23T11-25-26-070dB.wav,EM2030-00749-2022-06-23T11-25-26-070dB.wav,R3,Fаbrica,1920044,2022-06-23,11:25:26,10.0
230,230,CMPC Buin/R3/Fаbrica/EM2030-00749-2022-06-16T08-01-32-066dB.wav,EM2030-00749-2022-06-16T08-01-32-066dB.wav,R3,Fаbrica,1920044,2022-06-16,08:01:32,10.0
231,231,CMPC Buin/R3/Fаbrica/EM2030-00749-2022-06-28T08-53-18-068dB.wav,EM2030-00749-2022-06-28T08-53-18-068dB.wav,R3,Fаbrica,1920044,2022-06-28,08:53:18,10.0
232,232,CMPC Buin/R3/Fаbrica/EM2030-00749-2022-07-02T06-56-02-060dB.wav,EM2030-00749-2022-07-02T06-56-02-060dB.wav,R3,Fаbrica,1920044,2022-07-02,06:56:02,10.0
233,233,CMPC Buin/R3/Fаbrica/EM2030-00749-2022-05-31T11-47-17-067dB.wav,EM2030-00749-2022-05-31T11-47-17-067dB.wav,R3,Fаbrica,1920044,2022-05-31,11:47:17,10.0
234,234,CMPC Buin/R3/Fаbrica/EM2030-00749-2022-07-01T13-03-48-066dB.wav,EM2030-00749-2022-07-01T13-03-48-066dB.wav,R3,Fаbrica,1920044,2022-07-01,13:03:48,10.0
235,235,CMPC Buin/R3/Fаbrica/EM2030-00749-2022-06-10T13-04-40-069dB.wav,EM2030-00749-2022-06-10T13-04-40-069dB.wav,R3,Fаbrica,1920044,2022-06-10,13:04:40,10.0
236,236,CMPC Buin/R3/Fаbrica/EM2030-00749-2022-05-27T12-04-15-066dB.wav,EM2030-00749-2022-05-27T12-04-15-066dB.wav,R3,Fаbrica,1920044,2022-05-27,12:04:15,10.0
237,237,CMPC Buin/R3/Fаbrica/EM2030-00749-2022-05-28T09-52-16-066dB.wav,EM2030-00749-2022-05-28T09-52-16-066dB.wav,R3,Fаbrica,1920044,2022-05-28,09:52:16,10.0
238,238,CMPC Buin/R3/Fаbrica/EM2030-00749-2022-05-31T12-30-43-066dB.wav,EM2030-00749-2022-05-31T12-30-43-066dB.wav,R3,Fаbrica,1920044,2022-05-31,12:30:43,10.0
239,239,CMPC Buin/R4/Humanos/EM2030-00750-2022-06-08T10-09-15-066dB.wav,EM2030-00750-2022-06-08T10-09-15-066dB.wav,R4,Humanos,1920044,2022-06-08,10:09:15,10.0
240,240,CMPC Buin/R4/Humanos/EM2030-00750-2022-06-16T17-39-31-058dB.wav,EM2030-00750-2022-06-16T17-39-31-058dB.wav,R4,Humanos,1920044,2022-06-16,17:39:31,10.0
241,241,CMPC Buin/R4/Humanos/EM2030-00750-2022-06-02T15-41-12-059dB.wav,EM2030-00750-2022-06-02T15-41-12-059dB.wav,R4,Humanos,1920044,2022-06-02,15:41:12,10.0
242,242,CMPC Buin/R4/Humanos/EM2030-00750-2022-06-07T09-44-21-057dB.wav,EM2030-00750-2022-06-07T09-44-21-057dB.wav,R4,Humanos,1920044,2022-06-07,09:44:21,10.0
243,243,CMPC Buin/R4/Humanos/EM2030-00750-2022-06-18T10-36-03-057dB.wav,EM2030-00750-2022-06-18T10-36-03-057dB.wav,R4,Humanos,1920044,2022-06-18,10:36:03,10.0
244,244,CMPC Buin/R4/Humanos/EM2030-00750-2022-06-05T13-34-14-058dB.wav,EM2030-00750-2022-06-05T13-34-14-058dB.wav,R4,Humanos,1920044,2022-06-05,13:34:14,10.0
245,245,CMPC Buin/R4/Humanos/EM2030-00750-2022-06-16T08-42-14-061dB.wav,EM2030-00750-2022-06-16T08-42-14-061dB.wav,R4,Humanos,1920044,2022-06-16,08:42:14,10.0
246,246,CMPC Buin/R4/Humanos/EM2030-00750-2022-06-15T15-28-38-063dB.wav,EM2030-00750-2022-06-15T15-28-38-063dB.wav,R4,Humanos,1920044,2022-06-15,15:28:38,10.0
247,247,CMPC Buin/R4/Humanos/EM2030-00750-2022-06-06T15-44-14-058dB.wav,EM2030-00750-2022-06-06T15-44-14-058dB.wav,R4,Humanos,1920044,2022-06-06,15:44:14,10.0
248,248,CMPC Buin/R4/Humanos/EM2030-00750-2022-06-13T14-40-57-058dB.wav,EM2030-00750-2022-06-13T14-40-57-058dB.wav,R4,Humanos,1920044,2022-06-13,14:40:57,10.0
249,249,CMPC Buin/R4/Humanos/EM2030-00750-2022-06-07T13-39-42-069dB.wav,EM2030-00750-2022-06-07T13-39-42-069dB.wav,R4,Humanos,1920044,2022-06-07,13:39:42,10.0
250,250,CMPC Buin/R4/Humanos/EM2030-00750-2022-07-04T16-44-51-058dB.wav,EM2030-00750-2022-07-04T16-44-51-058dB.wav,R4,Humanos,1920044,2022-07-04,16:44:51,10.0
251,251,CMPC Buin/R4/Humanos/EM2030-00750-2022-06-16T14-22-35-057dB.wav,EM2030-00750-2022-06-16T14-22-35-057dB.wav,R4,Humanos,1920044,2022-06-16,14:22:35,10.0
252,252,CMPC Buin/R4/Humanos/EM2030-00750-2022-07-05T15-00-35-058dB.wav,EM2030-00750-2022-07-05T15-00-35-058dB.wav,R4,Humanos,1920044,2022-07-05,15:00:35,10.0
253,253,CMPC Buin/R4/Humanos/EM2030-00750-2022-06-06T17-55-06-058dB.wav,EM2030-00750-2022-06-06T17-55-06-058dB.wav,R4,Humanos,1920044,2022-06-06,17:55:06,10.0
254,254,CMPC Buin/R4/Humanos/EM2030-00750-2022-06-27T15-56-19-063dB.wav,EM2030-00750-2022-06-27T15-56-19-063dB.wav,R4,Humanos,1920044,2022-06-27,15:56:19,10.0
255,255,CMPC Buin/R4/Humanos/EM2030-00750-2022-06-07T10-16-26-056dB.wav,EM2030-00750-2022-06-07T10-16-26-056dB.wav,R4,Humanos,1920044,2022-06-07,10:16:26,10.0
256,256,CMPC Buin/R4/Humanos/EM2030-00750-2022-06-06T10-26-37-063dB.wav,EM2030-00750-2022-06-06T10-26-37-063dB.wav,R4,Humanos,1920044,2022-06-06,10:26:37,10.0
257,257,CMPC Buin/R4/Humanos/EM2030-00750-2022-06-15T14-54-05-068dB.wav,EM2030-00750-2022-06-15T14-54-05-068dB.wav,R4,Humanos,1920044,2022-06-15,14:54:05,10.0
258,258,CMPC Buin/R4/Humanos/EM2030-00750-2022-06-27T16-30-31-063dB.wav,EM2030-00750-2022-06-27T16-30-31-063dB.wav,R4,Humanos,1920044,2022-06-27,16:30:31,10.0
259,259,CMPC Buin/R4/Humanos/EM2030-00750-2022-06-27T16-13-43-059dB.wav,EM2030-00750-2022-06-27T16-13-43-059dB.wav,R4,Humanos,1920044,2022-06-27,16:13:43,10.0
260,260,CMPC Buin/R4/Humanos/EM2030-00750-2022-06-02T17-24-38-063dB.wav,EM2030-00750-2022-06-02T17-24-38-063dB.wav,R4,Humanos,1920044,2022-06-02,17:24:38,10.0
261,261,CMPC Buin/R4/Humanos/EM2030-00750-2022-06-02T15-10-31-063dB.wav,EM2030-00750-2022-06-02T15-10-31-063dB.wav,R4,Humanos,1920044,2022-06-02,15:10:31,10.0
262,262,CMPC Buin/R4/Humanos/EM2030-00750-2022-06-09T10-03-39-061dB.wav,EM2030-00750-2022-06-09T10-03-39-061dB.wav,R4,Humanos,1920044,2022-06-09,10:03:39,10.0
263,263,CMPC Buin/R4/Humanos/EM2030-00750-2022-06-05T11-31-50-058dB.wav,EM2030-00750-2022-06-05T11-31-50-058dB.wav,R4,Humanos,1920044,2022-06-05,11:31:50,10.0
264,264,CMPC Buin/R4/Humanos/EM2030-00750-2022-06-06T16-17-52-061dB.wav,EM2030-00750-2022-06-06T16-17-52-061dB.wav,R4,Humanos,1920044,2022-06-06,16:17:52,10.0
265,265,CMPC Buin/R4/Humanos/EM2030-00750-2022-07-04T17-32-01-056dB.wav,EM2030-00750-2022-07-04T17-32-01-056dB.wav,R4,Humanos,1920044,2022-07-04,17:32:01,10.0
266,266,CMPC Buin/R4/Humanos/EM2030-00750-2022-06-05T11-16-16-065dB.wav,EM2030-00750-2022-06-05T11-16-16-065dB.wav,R4,Humanos,1920044,2022-06-05,11:16:16,10.0
267,267,CMPC Buin/R4/Humanos/EM2030-00750-2022-07-04T15-20-24-056dB.wav,EM2030-00750-2022-07-04T15-20-24-056dB.wav,R4,Humanos,1920044,2022-07-04,15:20:24,10.0
268,268,CMPC Buin/R4/Humanos/EM2030-00750-2022-06-28T12-20-07-058dB.wav,EM2030-00750-2022-06-28T12-20-07-058dB.wav,R4,Humanos,1920044,2022-06-28,12:20:07,10.0
269,269,CMPC Buin/R4/Humanos/EM2030-00750-2022-06-16T09-49-54-058dB.wav,EM2030-00750-2022-06-16T09-49-54-058dB.wav,R4,Humanos,1920044,2022-06-16,09:49:54,10.0
270,270,CMPC Buin/R4/Humanos/EM2030-00750-2022-06-08T10-43-01-059dB.wav,EM2030-00750-2022-06-08T10-43-01-059dB.wav,R4,Humanos,1920044,2022-06-08,10:43:01,10.0
271,271,CMPC Buin/R4/Humanos/EM2030-00750-2022-06-05T15-22-36-067dB.wav,EM2030-00750-2022-06-05T15-22-36-067dB.wav,R4,Humanos,1920044,2022-06-05,15:22:36,10.0
272,272,CMPC Buin/R4/Humanos/EM2030-00750-2022-06-11T08-57-54-058dB.wav,EM2030-00750-2022-06-11T08-57-54-058dB.wav,R4,Humanos,1920044,2022-06-11,08:57:54,10.0
273,273,CMPC Buin/R4/Humanos/EM2030-00750-2022-06-21T16-55-39-058dB.wav,EM2030-00750-2022-06-21T16-55-39-058dB.wav,R4,Humanos,1920044,2022-06-21,16:55:39,10.0
274,274,CMPC Buin/R4/Humanos/EM2030-00750-2022-07-02T14-17-17-071dB.wav,EM2030-00750-2022-07-02T14-17-17-071dB.wav,R4,Humanos,1920044,2022-07-02,14:17:17,10.0
275,275,CMPC Buin/R4/Humanos/EM2030-00750-2022-06-30T14-22-39-069dB.wav,EM2030-00750-2022-06-30T14-22-39-069dB.wav,R4,Humanos,1920044,2022-06-30,14:22:39,10.0
276,276,CMPC Buin/R4/Humanos/EM2030-00750-2022-06-14T09-32-50-061dB.wav,EM2030-00750-2022-06-14T09-32-50-061dB.wav,R4,Humanos,1920044,2022-06-14,09:32:50,10.0
277,277,CMPC Buin/R4/Humanos/EM2030-00750-2022-06-21T16-40-04-059dB.wav,EM2030-00750-2022-06-21T16-40-04-059dB.wav,R4,Humanos,1920044,2022-06-21,16:40:04,10.0
278,278,CMPC Buin/R4/Animales/EM2030-00750-2022-06-25T13-19-31-064dB.wav,EM2030-00750-2022-06-25T13-19-31-064dB.wav,R4,Animales,1920044,2022-06-25,13:19:31,10.0
279,279,CMPC Buin/R4/Animales/EM2030-00750-2022-07-03T15-14-34-062dB.wav,EM2030-00750-2022-07-03T15-14-34-062dB.wav,R4,Animales,1920044,2022-07-03,15:14:34,10.0
280,280,CMPC Buin/R4/Animales/EM2030-00750-2022-06-09T11-21-30-066dB.wav,EM2030-00750-2022-06-09T11-21-30-066dB.wav,R4,Animales,1920044,2022-06-09,11:21:30,10.0
281,281,CMPC Buin/R4/Animales/EM2030-00750-2022-06-21T13-02-10-063dB.wav,EM2030-00750-2022-06-21T13-02-10-063dB.wav,R4,Animales,1920044,2022-06-21,13:02:10,10.0
282,282,CMPC Buin/R4/Animales/EM2030-00750-2022-06-30T17-39-08-063dB.wav,EM2030-00750-2022-06-30T17-39-08-063dB.wav,R4,Animales,1920044,2022-06-30,17:39:08,10.0
283,283,CMPC Buin/R4/Animales/EM2030-00750-2022-06-18T09-25-29-059dB.wav,EM2030-00750-2022-06-18T09-25-29-059dB.wav,R4,Animales,1920044,2022-06-18,09:25:29,10.0
284,284,CMPC Buin/R4/Animales/EM2030-00750-2022-06-16T14-00-03-062dB.wav,EM2030-00750-2022-06-16T14-00-03-062dB.wav,R4,Animales,1920044,2022-06-16,14:00:03,10.0
285,285,CMPC Buin/R4/Animales/EM2030-00750-2022-05-31T13-35-31-062dB.wav,EM2030-00750-2022-05-31T13-35-31-062dB.wav,R4,Animales,1920044,2022-05-31,13:35:31,10.0
286,286,CMPC Buin/R4/Animales/EM2030-00750-2022-06-11T12-31-27-062dB.wav,EM2030-00750-2022-06-11T12-31-27-062dB.wav,R4,Animales,1920044,2022-06-11,12:31:27,10.0
287,287,CMPC Buin/R4/Animales/EM2030-00750-2022-06-19T17-32-40-061dB.wav,EM2030-00750-2022-06-19T17-32-40-061dB.wav,R4,Animales,1920044,2022-06-19,17:32:40,10.0
288,288,CMPC Buin/R4/Animales/EM2030-00750-2022-06-04T16-34-44-062dB.wav,EM2030-00750-2022-06-04T16-34-44-062dB.wav,R4,Animales,1920044,2022-06-04,16:34:44,10.0
289,289,CMPC Buin/R4/Animales/EM2030-00750-2022-06-11T10-49-48-067dB.wav,EM2030-00750-2022-06-11T10-49-48-067dB.wav,R4,Animales,1920044,2022-06-11,10:49:48,10.0
290,290,CMPC Buin/R4/Animales/EM2030-00750-2022-06-15T16-30-34-066dB.wav,EM2030-00750-2022-06-15T16-30-34-066dB.wav,R4,Animales,1920044,2022-06-15,16:30:34,10.0
291,291,CMPC Buin/R4/Animales/EM2030-00750-2022-06-14T12-25-12-065dB.wav,EM2030-00750-2022-06-14T12-25-12-065dB.wav,R4,Animales,1920044,2022-06-14,12:25:12,10.0
292,292,CMPC Buin/R4/Animales/EM2030-00750-2022-06-02T16-44-47-063dB.wav,EM2030-00750-2022-06-02T16-44-47-063dB.wav,R4,Animales,1920044,2022-06-02,16:44:47,10.0
293,293,CMPC Buin/R4/Animales/EM2030-00750-2022-06-21T11-47-32-063dB.wav,EM2030-00750-2022-06-21T11-47-32-063dB.wav,R4,Animales,1920044,2022-06-21,11:47:32,10.0
294,294,CMPC Buin/R4/Animales/EM2030-00750-2022-06-12T11-26-15-056dB.wav,EM2030-00750-2022-06-12T11-26-15-056dB.wav,R4,Animales,1920044,2022-06-12,11:26:15,10.0
295,295,CMPC Buin/R4/Animales/EM2030-00750-2022-05-31T10-45-17-066dB.wav,EM2030-00750-2022-05-31T10-45-17-066dB.wav,R4,Animales,1920044,2022-05-31,10:45:17,10.0
296,296,CMPC Buin/R4/Animales/EM2030-00750-2022-06-19T13-01-49-061dB.wav,EM2030-00750-2022-06-19T13-01-49-061dB.wav,R4,Animales,1920044,2022-06-19,13:01:49,10.0
297,297,CMPC Buin/R4/Animales/EM2030-00750-2022-06-14T12-40-13-068dB.wav,EM2030-00750-2022-06-14T12-40-13-068dB.wav,R4,Animales,1920044,2022-06-14,12:40:13,10.0
298,298,CMPC Buin/R4/Animales/EM2030-00750-2022-06-23T14-16-05-062dB.wav,EM2030-00750-2022-06-23T14-16-05-062dB.wav,R4,Animales,1920044,2022-06-23,14:16:05,10.0
299,299,CMPC Buin/R4/Animales/EM2030-00750-2022-06-10T16-48-21-063dB.wav,EM2030-00750-2022-06-10T16-48-21-063dB.wav,R4,Animales,1920044,2022-06-10,16:48:21,10.0
300,300,CMPC Buin/R4/Animales/EM2030-00750-2022-06-19T13-19-25-064dB.wav,EM2030-00750-2022-06-19T13-19-25-064dB.wav,R4,Animales,1920044,2022-06-19,13:19:25,10.0
301,301,CMPC Buin/R4/Animales/EM2030-00750-2022-07-02T12-47-00-064dB.wav,EM2030-00750-2022-07-02T12-47-00-064dB.wav,R4,Animales,1920044,2022-07-02,12:47:00,10.0
302,302,CMPC Buin/R4/Animales/EM2030-00750-2022-06-08T13-28-56-063dB.wav,EM2030-00750-2022-06-08T13-28-56-063dB.wav,R4,Animales,1920044,2022-06-08,13:28:56,10.0
303,303,CMPC Buin/R4/Animales/EM2030-00750-2022-06-28T09-45-10-060dB.wav,EM2030-00750-2022-06-28T09-45-10-060dB.wav,R4,Animales,1920044,2022-06-28,09:45:10,10.0
304,304,CMPC Buin/R4/Animales/EM2030-00750-2022-06-19T12-45-37-056dB.wav,EM2030-00750-2022-06-19T12-45-37-056dB.wav,R4,Animales,1920044,2022-06-19,12:45:37,10.0
305,305,CMPC Buin/R4/Animales/EM2030-00750-2022-06-18T11-31-59-065dB.wav,EM2030-00750-2022-06-18T11-31-59-065dB.wav,R4,Animales,1920044,2022-06-18,11:31:59,10.0
306,306,CMPC Buin/R4/Animales/EM2030-00750-2022-06-13T16-39-56-071dB.wav,EM2030-00750-2022-06-13T16-39-56-071dB.wav,R4,Animales,1920044,2022-06-13,16:39:56,10.0
307,307,CMPC Buin/R4/Animales/EM2030-00750-2022-06-14T12-05-39-063dB.wav,EM2030-00750-2022-06-14T12-05-39-063dB.wav,R4,Animales,1920044,2022-06-14,12:05:39,10.0
308,308,CMPC Buin/R4/Animales/EM2030-00750-2022-06-02T16-11-17-064dB.wav,EM2030-00750-2022-06-02T16-11-17-064dB.wav,R4,Animales,1920044,2022-06-02,16:11:17,10.0
309,309,CMPC Buin/R4/Animales/EM2030-00750-2022-06-28T14-06-39-062dB.wav,EM2030-00750-2022-06-28T14-06-39-062dB.wav,R4,Animales,1920044,2022-06-28,14:06:39,10.0
310,310,CMPC Buin/R4/Animales/EM2030-00750-2022-06-05T14-25-57-060dB.wav,EM2030-00750-2022-06-05T14-25-57-060dB.wav,R4,Animales,1920044,2022-06-05,14:25:57,10.0
311,311,CMPC Buin/R4/Animales/EM2030-00750-2022-06-25T13-50-20-059dB.wav,EM2030-00750-2022-06-25T13-50-20-059dB.wav,R4,Animales,1920044,2022-06-25,13:50:20,10.0
312,312,CMPC Buin/R4/Animales/EM2030-00750-2022-06-30T12-04-53-062dB.wav,EM2030-00750-2022-06-30T12-04-53-062dB.wav,R4,Animales,1920044,2022-06-30,12:04:53,10.0
313,313,CMPC Buin/R4/Animales/EM2030-00750-2022-07-02T13-19-20-062dB.wav,EM2030-00750-2022-07-02T13-19-20-062dB.wav,R4,Animales,1920044,2022-07-02,13:19:20,10.0
314,314,CMPC Buin/R4/Animales/EM2030-00750-2022-06-29T08-26-06-057dB.wav,EM2030-00750-2022-06-29T08-26-06-057dB.wav,R4,Animales,1660844,2022-06-29,08:26:06,8.65
315,315,CMPC Buin/R4/Animales/EM2030-00750-2022-06-25T08-55-58-056dB.wav,EM2030-00750-2022-06-25T08-55-58-056dB.wav,R4,Animales,1920044,2022-06-25,08:55:58,10.0
316,316,CMPC Buin/R4/Animales/EM2030-00750-2022-06-13T14-22-33-061dB.wav,EM2030-00750-2022-06-13T14-22-33-061dB.wav,R4,Animales,1920044,2022-06-13,14:22:33,10.0
317,317,CMPC Buin/R4/Animales/EM2030-00750-2022-06-07T10-01-25-061dB.wav,EM2030-00750-2022-06-07T10-01-25-061dB.wav,R4,Animales,1920044,2022-06-07,10:01:25,10.0
318,318,CMPC Buin/R4/Animales/EM2030-00750-2022-06-27T14-44-35-064dB.wav,EM2030-00750-2022-06-27T14-44-35-064dB.wav,R4,Animales,1920044,2022-06-27,14:44:35,10.0
319,319,CMPC Buin/R4/Animales/EM2030-00750-2022-06-21T11-32-27-061dB.wav,EM2030-00750-2022-06-21T11-32-27-061dB.wav,R4,Animales,1920044,2022-06-21,11:32:27,10.0
320,320,CMPC Buin/R4/Animales/EM2030-00750-2022-06-07T17-19-30-066dB.wav,EM2030-00750-2022-06-07T17-19-30-066dB.wav,R4,Animales,1920044,2022-06-07,17:19:30,10.0
321,321,CMPC Buin/R4/Animales/EM2030-00750-2022-06-13T14-56-10-068dB.wav,EM2030-00750-2022-06-13T14-56-10-068dB.wav,R4,Animales,1920044,2022-06-13,14:56:10,10.0
322,322,CMPC Buin/R4/Animales/EM2030-00750-2022-06-25T17-43-22-062dB.wav,EM2030-00750-2022-06-25T17-43-22-062dB.wav,R4,Animales,1920044,2022-06-25,17:43:22,10.0
323,323,CMPC Buin/R4/Animales/EM2030-00750-2022-06-16T09-31-27-058dB.wav,EM2030-00750-2022-06-16T09-31-27-058dB.wav,R4,Animales,1920044,2022-06-16,09:31:27,10.0
324,324,CMPC Buin/R4/Animales/EM2030-00750-2022-06-11T11-47-34-065dB.wav,EM2030-00750-2022-06-11T11-47-34-065dB.wav,R4,Animales,1920044,2022-06-11,11:47:34,10.0
325,325,CMPC Buin/R4/Animales/EM2030-00750-2022-06-06T12-56-16-070dB.wav,EM2030-00750-2022-06-06T12-56-16-070dB.wav,R4,Animales,1920044,2022-06-06,12:56:16,10.0
326,326,CMPC Buin/R4/Animales/EM2030-00750-2022-06-25T12-05-06-060dB.wav,EM2030-00750-2022-06-25T12-05-06-060dB.wav,R4,Animales,1920044,2022-06-25,12:05:06,10.0
327,327,CMPC Buin/R4/Animales/EM2030-00750-2022-06-24T09-20-08-059dB.wav,EM2030-00750-2022-06-24T09-20-08-059dB.wav,R4,Animales,1920044,2022-06-24,09:20:08,10.0
328,328,CMPC Buin/R4/Animales/EM2030-00750-2022-06-15T11-09-41-064dB.wav,EM2030-00750-2022-06-15T11-09-41-064dB.wav,R4,Animales,1920044,2022-06-15,11:09:41,10.0
329,329,CMPC Buin/R4/Animales/EM2030-00750-2022-06-13T10-14-04-064dB.wav,EM2030-00750-2022-06-13T10-14-04-064dB.wav,R4,Animales,1920044,2022-06-13,10:14:04,10.0
330,330,CMPC Buin/R4/Animales/EM2030-00750-2022-06-28T13-21-55-062dB.wav,EM2030-00750-2022-06-28T13-21-55-062dB.wav,R4,Animales,1920044,2022-06-28,13:21:55,10.0
331,331,CMPC Buin/R4/Animales/EM2030-00750-2022-06-15T14-16-56-065dB.wav,EM2030-00750-2022-06-15T14-16-56-065dB.wav,R4,Animales,1920044,2022-06-15,14:16:56,10.0
332,332,CMPC Buin/R4/Animales/EM2030-00750-2022-07-02T17-32-17-067dB.wav,EM2030-00750-2022-07-02T17-32-17-067dB.wav,R4,Animales,1920044,2022-07-02,17:32:17,10.0
333,333,CMPC Buin/R4/Animales/EM2030-00750-2022-07-03T13-47-38-065dB.wav,EM2030-00750-2022-07-03T13-47-38-065dB.wav,R4,Animales,1920044,2022-07-03,13:47:38,10.0
334,334,CMPC Buin/R4/Animales/EM2030-00750-2022-06-12T17-38-09-065dB.wav,EM2030-00750-2022-06-12T17-38-09-065dB.wav,R4,Animales,1920044,2022-06-12,17:38:09,10.0
335,335,CMPC Buin/R4/Animales/EM2030-00750-2022-06-28T16-22-45-066dB.wav,EM2030-00750-2022-06-28T16-22-45-066dB.wav,R4,Animales,1920044,2022-06-28,16:22:45,10.0
336,336,CMPC Buin/R4/Animales/EM2030-00750-2022-06-24T15-06-28-072dB.wav,EM2030-00750-2022-06-24T15-06-28-072dB.wav,R4,Animales,1920044,2022-06-24,15:06:28,10.0
337,337,CMPC Buin/R4/Animales/EM2030-00750-2022-06-12T16-21-37-065dB.wav,EM2030-00750-2022-06-12T16-21-37-065dB.wav,R4,Animales,1920044,2022-06-12,16:21:37,10.0
338,338,CMPC Buin/R4/Animales/EM2030-00750-2022-06-24T10-54-02-066dB.wav,EM2030-00750-2022-06-24T10-54-02-066dB.wav,R4,Animales,1920044,2022-06-24,10:54:02,10.0
339,339,CMPC Buin/R4/Animales/EM2030-00750-2022-06-30T16-00-49-064dB.wav,EM2030-00750-2022-06-30T16-00-49-064dB.wav,R4,Animales,1920044,2022-06-30,16:00:49,10.0
340,340,CMPC Buin/R4/Animales/EM2030-00750-2022-06-14T13-46-41-071dB.wav,EM2030-00750-2022-06-14T13-46-41-071dB.wav,R4,Animales,1920044,2022-06-14,13:46:41,10.0
341,341,CMPC Buin/R4/Animales/EM2030-00750-2022-06-08T12-34-15-068dB.wav,EM2030-00750-2022-06-08T12-34-15-068dB.wav,R4,Animales,1920044,2022-06-08,12:34:15,10.0
342,342,CMPC Buin/R4/Animales/EM2030-00750-2022-06-01T17-54-43-057dB.wav,EM2030-00750-2022-06-01T17-54-43-057dB.wav,R4,Animales,1920044,2022-06-01,17:54:43,10.0
343,343,CMPC Buin/R4/Animales/EM2030-00750-2022-06-28T11-13-18-064dB.wav,EM2030-00750-2022-06-28T11-13-18-064dB.wav,R4,Animales,1920044,2022-06-28,11:13:18,10.0
344,344,CMPC Buin/R4/Animales/EM2030-00750-2022-06-16T12-51-55-064dB.wav,EM2030-00750-2022-06-16T12-51-55-064dB.wav,R4,Animales,1920044,2022-06-16,12:51:55,10.0
345,345,CMPC Buin/R4/Animales/EM2030-00750-2022-06-18T17-25-29-062dB.wav,EM2030-00750-2022-06-18T17-25-29-062dB.wav,R4,Animales,1920044,2022-06-18,17:25:29,10.0
346,346,CMPC Buin/R4/Animales/EM2030-00750-2022-06-18T17-10-28-061dB.wav,EM2030-00750-2022-06-18T17-10-28-061dB.wav,R4,Animales,1920044,2022-06-18,17:10:28,10.0
347,347,CMPC Buin/R4/Animales/EM2030-00750-2022-06-21T13-32-30-060dB.wav,EM2030-00750-2022-06-21T13-32-30-060dB.wav,R4,Animales,1920044,2022-06-21,13:32:30,10.0
348,348,CMPC Buin/R4/Animales/EM2030-00750-2022-06-16T11-09-04-064dB.wav,EM2030-00750-2022-06-16T11-09-04-064dB.wav,R4,Animales,1920044,2022-06-16,11:09:04,10.0
349,349,CMPC Buin/R4/Animales/EM2030-00750-2022-07-02T14-54-35-076dB.wav,EM2030-00750-2022-07-02T14-54-35-076dB.wav,R4,Animales,1920044,2022-07-02,14:54:35,10.0
350,350,CMPC Buin/R4/Animales/EM2030-00750-2022-06-22T14-11-17-071dB.wav,EM2030-00750-2022-06-22T14-11-17-071dB.wav,R4,Animales,1920044,2022-06-22,14:11:17,10.0
351,351,CMPC Buin/R4/Animales/EM2030-00750-2022-05-30T14-30-36-061dB.wav,EM2030-00750-2022-05-30T14-30-36-061dB.wav,R4,Animales,1920044,2022-05-30,14:30:36,10.0
352,352,CMPC Buin/R4/Animales/EM2030-00750-2022-07-02T13-59-36-061dB.wav,EM2030-00750-2022-07-02T13-59-36-061dB.wav,R4,Animales,1920044,2022-07-02,13:59:36,10.0
353,353,CMPC Buin/R4/Animales/EM2030-00750-2022-06-11T12-47-54-068dB.wav,EM2030-00750-2022-06-11T12-47-54-068dB.wav,R4,Animales,1920044,2022-06-11,12:47:54,10.0
354,354,CMPC Buin/R4/Animales/EM2030-00750-2022-06-12T14-03-23-064dB.wav,EM2030-00750-2022-06-12T14-03-23-064dB.wav,R4,Animales,1920044,2022-06-12,14:03:23,10.0
355,355,CMPC Buin/R4/Animales/EM2030-00750-2022-06-21T16-07-25-064dB.wav,EM2030-00750-2022-06-21T16-07-25-064dB.wav,R4,Animales,1920044,2022-06-21,16:07:25,10.0
356,356,CMPC Buin/R4/Animales/EM2030-00750-2022-07-02T13-36-11-064dB.wav,EM2030-00750-2022-07-02T13-36-11-064dB.wav,R4,Animales,1920044,2022-07-02,13:36:11,10.0
357,357,CMPC Buin/R4/Animales/EM2030-00750-2022-07-01T14-06-34-057dB.wav,EM2030-00750-2022-07-01T14-06-34-057dB.wav,R4,Animales,1920044,2022-07-01,14:06:34,10.0
358,358,CMPC Buin/R4/Animales/EM2030-00750-2022-06-05T12-08-07-064dB.wav,EM2030-00750-2022-06-05T12-08-07-064dB.wav,R4,Animales,1920044,2022-06-05,12:08:07,10.0
359,359,CMPC Buin/R4/Animales/EM2030-00750-2022-06-28T17-55-48-057dB.wav,EM2030-00750-2022-06-28T17-55-48-057dB.wav,R4,Animales,1920044,2022-06-28,17:55:48,10.0
360,360,CMPC Buin/R4/Animales/EM2030-00750-2022-06-07T12-45-13-065dB.wav,EM2030-00750-2022-06-07T12-45-13-065dB.wav,R4,Animales,1920044,2022-06-07,12:45:13,10.0
361,361,CMPC Buin/R4/Animales/EM2030-00750-2022-06-09T08-55-17-067dB.wav,EM2030-00750-2022-06-09T08-55-17-067dB.wav,R4,Animales,1920044,2022-06-09,08:55:17,10.0
362,362,CMPC Buin/R4/Animales/EM2030-00750-2022-06-06T13-50-03-062dB.wav,EM2030-00750-2022-06-06T13-50-03-062dB.wav,R4,Animales,1920044,2022-06-06,13:50:03,10.0
363,363,CMPC Buin/R4/Animales/EM2030-00750-2022-07-03T10-54-53-059dB.wav,EM2030-00750-2022-07-03T10-54-53-059dB.wav,R4,Animales,1920044,2022-07-03,10:54:53,10.0
364,364,CMPC Buin/R4/Animales/EM2030-00750-2022-06-14T10-13-26-060dB.wav,EM2030-00750-2022-06-14T10-13-26-060dB.wav,R4,Animales,1920044,2022-06-14,10:13:26,10.0
365,365,CMPC Buin/R4/Animales/EM2030-00750-2022-06-06T17-34-01-065dB.wav,EM2030-00750-2022-06-06T17-34-01-065dB.wav,R4,Animales,1920044,2022-06-06,17:34:01,10.0
366,366,CMPC Buin/R4/Animales/EM2030-00750-2022-06-27T10-10-37-062dB.wav,EM2030-00750-2022-06-27T10-10-37-062dB.wav,R4,Animales,1920044,2022-06-27,10:10:37,10.0
367,367,CMPC Buin/R4/Animales/EM2030-00750-2022-06-05T17-42-48-059dB.wav,EM2030-00750-2022-06-05T17-42-48-059dB.wav,R4,Animales,1920044,2022-06-05,17:42:48,10.0
368,368,CMPC Buin/R4/Animales/EM2030-00750-2022-06-13T17-11-22-061dB.wav,EM2030-00750-2022-06-13T17-11-22-061dB.wav,R4,Animales,1920044,2022-06-13,17:11:22,10.0
369,369,CMPC Buin/R4/Animales/EM2030-00750-2022-06-23T14-42-28-065dB.wav,EM2030-00750-2022-06-23T14-42-28-065dB.wav,R4,Animales,1920044,2022-06-23,14:42:28,10.0
370,370,CMPC Buin/R4/Animales/EM2030-00750-2022-06-22T13-50-36-061dB.wav,EM2030-00750-2022-06-22T13-50-36-061dB.wav,R4,Animales,1920044,2022-06-22,13:50:36,10.0
371,371,CMPC Buin/R4/Animales/EM2030-00750-2022-06-05T17-26-00-064dB.wav,EM2030-00750-2022-06-05T17-26-00-064dB.wav,R4,Animales,1920044,2022-06-05,17:26:00,10.0
372,372,CMPC Buin/R4/Animales/EM2030-00750-2022-06-04T12-00-42-072dB.wav,EM2030-00750-2022-06-04T12-00-42-072dB.wav,R4,Animales,1920044,2022-06-04,12:00:42,10.0
373,373,CMPC Buin/R4/Animales/EM2030-00750-2022-06-21T09-37-34-065dB.wav,EM2030-00750-2022-06-21T09-37-34-065dB.wav,R4,Animales,1920044,2022-06-21,09:37:34,10.0
374,374,CMPC Buin/R4/Animales/EM2030-00750-2022-06-05T11-48-04-059dB.wav,EM2030-00750-2022-06-05T11-48-04-059dB.wav,R4,Animales,1920044,2022-06-05,11:48:04,10.0
375,375,CMPC Buin/R4/Animales/EM2030-00750-2022-06-21T16-25-01-056dB.wav,EM2030-00750-2022-06-21T16-25-01-056dB.wav,R4,Animales,1920044,2022-06-21,16:25:01,10.0
376,376,CMPC Buin/R4/Animales/EM2030-00750-2022-06-22T09-00-06-056dB.wav,EM2030-00750-2022-06-22T09-00-06-056dB.wav,R4,Animales,1920044,2022-06-22,09:00:06,10.0
377,377,CMPC Buin/R4/Animales/EM2030-00750-2022-07-04T12-18-45-063dB.wav,EM2030-00750-2022-07-04T12-18-45-063dB.wav,R4,Animales,1920044,2022-07-04,12:18:45,10.0
378,378,CMPC Buin/R4/Animales/EM2030-00750-2022-06-18T16-19-00-060dB.wav,EM2030-00750-2022-06-18T16-19-00-060dB.wav,R4,Animales,1920044,2022-06-18,16:19:00,10.0
379,379,CMPC Buin/R4/Animales/EM2030-00750-2022-06-28T13-44-40-069dB.wav,EM2030-00750-2022-06-28T13-44-40-069dB.wav,R4,Animales,1920044,2022-06-28,13:44:40,10.0
380,380,CMPC Buin/R4/Animales/EM2030-00750-2022-06-22T12-07-37-056dB.wav,EM2030-00750-2022-06-22T12-07-37-056dB.wav,R4,Animales,1920044,2022-06-22,12:07:37,10.0
381,381,CMPC Buin/R4/Animales/EM2030-00750-2022-06-07T10-31-27-064dB.wav,EM2030-00750-2022-06-07T10-31-27-064dB.wav,R4,Animales,1920044,2022-06-07,10:31:27,10.0
382,382,CMPC Buin/R4/Animales/EM2030-00750-2022-07-02T17-47-50-067dB.wav,EM2030-00750-2022-07-02T17-47-50-067dB.wav,R4,Animales,1920044,2022-07-02,17:47:50,10.0
383,383,CMPC Buin/R4/Animales/EM2030-00750-2022-06-25T10-52-44-061dB.wav,EM2030-00750-2022-06-25T10-52-44-061dB.wav,R4,Animales,1920044,2022-06-25,10:52:44,10.0
384,384,CMPC Buin/R4/Animales/EM2030-00750-2022-06-19T14-12-13-063dB.wav,EM2030-00750-2022-06-19T14-12-13-063dB.wav,R4,Animales,1920044,2022-06-19,14:12:13,10.0
385,385,CMPC Buin/R4/Animales/EM2030-00750-2022-06-18T15-48-40-064dB.wav,EM2030-00750-2022-06-18T15-48-40-064dB.wav,R4,Animales,1920044,2022-06-18,15:48:40,10.0
386,386,CMPC Buin/R4/Animales/EM2030-00750-2022-07-02T12-13-24-064dB.wav,EM2030-00750-2022-07-02T12-13-24-064dB.wav,R4,Animales,1920044,2022-07-02,12:13:24,10.0
387,387,CMPC Buin/R4/Animales/EM2030-00750-2022-06-07T16-34-23-067dB.wav,EM2030-00750-2022-06-07T16-34-23-067dB.wav,R4,Animales,1920044,2022-06-07,16:34:23,10.0
388,388,CMPC Buin/R4/Animales/EM2030-00750-2022-06-04T15-49-04-061dB.wav,EM2030-00750-2022-06-04T15-49-04-061dB.wav,R4,Animales,1920044,2022-06-04,15:49:04,10.0
389,389,CMPC Buin/R4/Animales/EM2030-00750-2022-06-04T15-33-44-069dB.wav,EM2030-00750-2022-06-04T15-33-44-069dB.wav,R4,Animales,1920044,2022-06-04,15:33:44,10.0
390,390,CMPC Buin/R4/Animales/EM2030-00750-2022-06-21T11-17-01-067dB.wav,EM2030-00750-2022-06-21T11-17-01-067dB.wav,R4,Animales,1920044,2022-06-21,11:17:01,10.0
391,391,CMPC Buin/R4/Animales/EM2030-00750-2022-06-22T10-00-15-065dB.wav,EM2030-00750-2022-06-22T10-00-15-065dB.wav,R4,Animales,1920044,2022-06-22,10:00:15,10.0
392,392,CMPC Buin/R4/Animales/EM2030-00750-2022-06-22T13-35-29-063dB.wav,EM2030-00750-2022-06-22T13-35-29-063dB.wav,R4,Animales,1920044,2022-06-22,13:35:29,10.0
393,393,CMPC Buin/R4/Animales/EM2030-00750-2022-06-30T14-37-45-062dB.wav,EM2030-00750-2022-06-30T14-37-45-062dB.wav,R4,Animales,1920044,2022-06-30,14:37:45,10.0
394,394,CMPC Buin/R4/Animales/EM2030-00750-2022-06-18T13-29-34-064dB.wav,EM2030-00750-2022-06-18T13-29-34-064dB.wav,R4,Animales,1920044,2022-06-18,13:29:34,10.0
395,395,CMPC Buin/R4/Animales/EM2030-00750-2022-06-25T15-02-09-064dB.wav,EM2030-00750-2022-06-25T15-02-09-064dB.wav,R4,Animales,1920044,2022-06-25,15:02:09,10.0
396,396,CMPC Buin/R4/Animales/EM2030-00750-2022-07-04T14-30-53-065dB.wav,EM2030-00750-2022-07-04T14-30-53-065dB.wav,R4,Animales,1920044,2022-07-04,14:30:53,10.0
397,397,CMPC Buin/R4/Animales/EM2030-00750-2022-06-01T12-37-18-059dB.wav,EM2030-00750-2022-06-01T12-37-18-059dB.wav,R4,Animales,1920044,2022-06-01,12:37:18,10.0
398,398,CMPC Buin/R4/Animales/EM2030-00750-2022-06-04T13-13-02-067dB.wav,EM2030-00750-2022-06-04T13-13-02-067dB.wav,R4,Animales,1920044,2022-06-04,13:13:02,10.0
399,399,CMPC Buin/R4/Animales/EM2030-00750-2022-07-03T12-28-11-063dB.wav,EM2030-00750-2022-07-03T12-28-11-063dB.wav,R4,Animales,1920044,2022-07-03,12:28:11,10.0
400,400,CMPC Buin/R4/Animales/EM2030-00750-2022-06-27T15-37-45-059dB.wav,EM2030-00750-2022-06-27T15-37-45-059dB.wav,R4,Animales,1920044,2022-06-27,15:37:45,10.0
401,401,CMPC Buin/R4/Animales/EM2030-00750-2022-06-30T09-50-12-060dB.wav,EM2030-00750-2022-06-30T09-50-12-060dB.wav,R4,Animales,1920044,2022-06-30,09:50:12,10.0
402,402,CMPC Buin/R4/Animales/EM2030-00750-2022-06-23T14-57-33-072dB.wav,EM2030-00750-2022-06-23T14-57-33-072dB.wav,R4,Animales,1920044,2022-06-23,14:57:33,10.0
403,403,CMPC Buin/R4/Animales/EM2030-00750-2022-07-04T10-32-40-064dB.wav,EM2030-00750-2022-07-04T10-32-40-064dB.wav,R4,Animales,1920044,2022-07-04,10:32:40,10.0
404,404,CMPC Buin/R4/Animales/EM2030-00750-2022-06-08T17-52-57-059dB.wav,EM2030-00750-2022-06-08T17-52-57-059dB.wav,R4,Animales,1920044,2022-06-08,17:52:57,10.0
405,405,CMPC Buin/R4/Animales/EM2030-00750-2022-06-04T13-47-29-069dB.wav,EM2030-00750-2022-06-04T13-47-29-069dB.wav,R4,Animales,1920044,2022-06-04,13:47:29,10.0
406,406,CMPC Buin/R4/Animales/EM2030-00750-2022-05-31T13-52-42-066dB.wav,EM2030-00750-2022-05-31T13-52-42-066dB.wav,R4,Animales,1920044,2022-05-31,13:52:42,10.0
407,407,CMPC Buin/R4/Animales/EM2030-00750-2022-06-18T10-51-16-067dB.wav,EM2030-00750-2022-06-18T10-51-16-067dB.wav,R4,Animales,1920044,2022-06-18,10:51:16,10.0
408,408,CMPC Buin/R4/Animales/EM2030-00750-2022-06-11T14-10-48-068dB.wav,EM2030-00750-2022-06-11T14-10-48-068dB.wav,R4,Animales,1920044,2022-06-11,14:10:48,10.0
409,409,CMPC Buin/R4/Animales/EM2030-00750-2022-06-07T13-01-51-064dB.wav,EM2030-00750-2022-06-07T13-01-51-064dB.wav,R4,Animales,1920044,2022-06-07,13:01:51,10.0
410,410,CMPC Buin/R4/Animales/EM2030-00750-2022-06-06T12-05-07-063dB.wav,EM2030-00750-2022-06-06T12-05-07-063dB.wav,R4,Animales,1920044,2022-06-06,12:05:07,10.0
411,411,CMPC Buin/R4/Animales/EM2030-00750-2022-07-04T12-51-35-056dB.wav,EM2030-00750-2022-07-04T12-51-35-056dB.wav,R4,Animales,1920044,2022-07-04,12:51:35,10.0
412,412,CMPC Buin/R4/Animales/EM2030-00750-2022-06-24T11-25-36-061dB.wav,EM2030-00750-2022-06-24T11-25-36-061dB.wav,R4,Animales,1920044,2022-06-24,11:25:36,10.0
413,413,CMPC Buin/R4/Animales/EM2030-00750-2022-06-14T17-13-38-067dB.wav,EM2030-00750-2022-06-14T17-13-38-067dB.wav,R4,Animales,1920044,2022-06-14,17:13:38,10.0
414,414,CMPC Buin/R4/Animales/EM2030-00750-2022-07-01T10-30-56-060dB.wav,EM2030-00750-2022-07-01T10-30-56-060dB.wav,R4,Animales,1920044,2022-07-01,10:30:56,10.0
415,415,CMPC Buin/R4/Animales/EM2030-00750-2022-07-03T10-29-25-066dB.wav,EM2030-00750-2022-07-03T10-29-25-066dB.wav,R4,Animales,1920044,2022-07-03,10:29:25,10.0
416,416,CMPC Buin/R4/Animales/EM2030-00750-2022-06-13T10-29-05-060dB.wav,EM2030-00750-2022-06-13T10-29-05-060dB.wav,R4,Animales,1920044,2022-06-13,10:29:05,10.0
417,417,CMPC Buin/R4/Animales/EM2030-00750-2022-06-24T16-00-51-068dB.wav,EM2030-00750-2022-06-24T16-00-51-068dB.wav,R4,Animales,1920044,2022-06-24,16:00:51,10.0
418,418,CMPC Buin/R4/Animales/EM2030-00750-2022-06-11T15-33-07-064dB.wav,EM2030-00750-2022-06-11T15-33-07-064dB.wav,R4,Animales,1920044,2022-06-11,15:33:07,10.0
419,419,CMPC Buin/R4/Animales/EM2030-00750-2022-06-18T16-03-54-062dB.wav,EM2030-00750-2022-06-18T16-03-54-062dB.wav,R4,Animales,1920044,2022-06-18,16:03:54,10.0
420,420,CMPC Buin/R4/Animales/EM2030-00750-2022-06-04T11-28-03-063dB.wav,EM2030-00750-2022-06-04T11-28-03-063dB.wav,R4,Animales,1920044,2022-06-04,11:28:03,10.0
421,421,CMPC Buin/R4/Animales/EM2030-00750-2022-06-16T16-52-34-064dB.wav,EM2030-00750-2022-06-16T16-52-34-064dB.wav,R4,Animales,1920044,2022-06-16,16:52:34,10.0
422,422,CMPC Buin/R4/Animales/EM2030-00750-2022-06-30T10-51-29-059dB.wav,EM2030-00750-2022-06-30T10-51-29-059dB.wav,R4,Animales,1920044,2022-06-30,10:51:29,10.0
423,423,CMPC Buin/R4/Animales/EM2030-00750-2022-07-02T11-32-59-075dB.wav,EM2030-00750-2022-07-02T11-32-59-075dB.wav,R4,Animales,1920044,2022-07-02,11:32:59,10.0
424,424,CMPC Buin/R4/Animales/EM2030-00750-2022-07-04T12-33-49-059dB.wav,EM2030-00750-2022-07-04T12-33-49-059dB.wav,R4,Animales,1920044,2022-07-04,12:33:49,10.0
425,425,CMPC Buin/R4/Animales/EM2030-00750-2022-06-21T12-46-33-062dB.wav,EM2030-00750-2022-06-21T12-46-33-062dB.wav,R4,Animales,1920044,2022-06-21,12:46:33,10.0
426,426,CMPC Buin/R4/Animales/EM2030-00750-2022-06-18T15-25-10-065dB.wav,EM2030-00750-2022-06-18T15-25-10-065dB.wav,R4,Animales,1920044,2022-06-18,15:25:10,10.0
427,427,CMPC Buin/R4/Animales/EM2030-00750-2022-06-13T15-11-12-058dB.wav,EM2030-00750-2022-06-13T15-11-12-058dB.wav,R4,Animales,1920044,2022-06-13,15:11:12,10.0
428,428,CMPC Buin/R4/Animales/EM2030-00750-2022-06-13T13-59-18-067dB.wav,EM2030-00750-2022-06-13T13-59-18-067dB.wav,R4,Animales,1920044,2022-06-13,13:59:18,10.0
429,429,CMPC Buin/R4/Animales/EM2030-00750-2022-06-04T15-03-14-063dB.wav,EM2030-00750-2022-06-04T15-03-14-063dB.wav,R4,Animales,1920044,2022-06-04,15:03:14,10.0
430,430,CMPC Buin/R4/Animales/EM2030-00750-2022-06-24T13-13-10-066dB.wav,EM2030-00750-2022-06-24T13-13-10-066dB.wav,R4,Animales,1920044,2022-06-24,13:13:10,10.0
431,431,CMPC Buin/R4/Animales/EM2030-00750-2022-06-12T14-46-03-059dB.wav,EM2030-00750-2022-06-12T14-46-03-059dB.wav,R4,Animales,1920044,2022-06-12,14:46:03,10.0
432,432,CMPC Buin/R4/Animales/EM2030-00750-2022-06-05T16-49-29-060dB.wav,EM2030-00750-2022-06-05T16-49-29-060dB.wav,R4,Animales,1920044,2022-06-05,16:49:29,10.0
433,433,CMPC Buin/R4/Animales/EM2030-00750-2022-05-31T15-43-21-067dB.wav,EM2030-00750-2022-05-31T15-43-21-067dB.wav,R4,Animales,1920044,2022-05-31,15:43:21,10.0
434,434,CMPC Buin/R4/Animales/EM2030-00750-2022-06-12T15-17-13-063dB.wav,EM2030-00750-2022-06-12T15-17-13-063dB.wav,R4,Animales,1920044,2022-06-12,15:17:13,10.0
435,435,CMPC Buin/R4/Animales/EM2030-00750-2022-06-04T16-50-55-063dB.wav,EM2030-00750-2022-06-04T16-50-55-063dB.wav,R4,Animales,1920044,2022-06-04,16:50:55,10.0
436,436,CMPC Buin/R4/Animales/EM2030-00750-2022-06-05T11-01-14-061dB.wav,EM2030-00750-2022-06-05T11-01-14-061dB.wav,R4,Animales,1920044,2022-06-05,11:01:14,10.0
437,437,CMPC Buin/R4/Animales/EM2030-00750-2022-07-05T15-47-04-067dB.wav,EM2030-00750-2022-07-05T15-47-04-067dB.wav,R4,Animales,1920044,2022-07-05,15:47:04,10.0
438,438,CMPC Buin/R4/Animales/EM2030-00750-2022-06-03T13-41-27-063dB.wav,EM2030-00750-2022-06-03T13-41-27-063dB.wav,R4,Animales,1920044,2022-06-03,13:41:27,10.0
439,439,CMPC Buin/R4/Animales/EM2030-00750-2022-06-18T11-49-30-063dB.wav,EM2030-00750-2022-06-18T11-49-30-063dB.wav,R4,Animales,1920044,2022-06-18,11:49:30,10.0
440,440,CMPC Buin/R4/Animales/EM2030-00750-2022-06-11T16-25-21-063dB.wav,EM2030-00750-2022-06-11T16-25-21-063dB.wav,R4,Animales,1920044,2022-06-11,16:25:21,10.0
441,441,CMPC Buin/R4/Animales/EM2030-00750-2022-06-14T09-58-25-067dB.wav,EM2030-00750-2022-06-14T09-58-25-067dB.wav,R4,Animales,1920044,2022-06-14,09:58:25,10.0
442,442,CMPC Buin/R4/Animales/EM2030-00750-2022-06-07T11-37-25-063dB.wav,EM2030-00750-2022-06-07T11-37-25-063dB.wav,R4,Animales,1920044,2022-06-07,11:37:25,10.0
443,443,CMPC Buin/R4/Animales/EM2030-00750-2022-06-18T10-13-47-062dB.wav,EM2030-00750-2022-06-18T10-13-47-062dB.wav,R4,Animales,1920044,2022-06-18,10:13:47,10.0
444,444,CMPC Buin/R4/Animales/EM2030-00750-2022-06-16T13-09-13-067dB.wav,EM2030-00750-2022-06-16T13-09-13-067dB.wav,R4,Animales,1920044,2022-06-16,13:09:13,10.0
445,445,CMPC Buin/R4/Animales/EM2030-00750-2022-06-14T12-55-15-062dB.wav,EM2030-00750-2022-06-14T12-55-15-062dB.wav,R4,Animales,1920044,2022-06-14,12:55:15,10.0
446,446,CMPC Buin/R4/Animales/EM2030-00750-2022-06-28T10-00-11-058dB.wav,EM2030-00750-2022-06-28T10-00-11-058dB.wav,R4,Animales,1920044,2022-06-28,10:00:11,10.0
447,447,CMPC Buin/R4/Animales/EM2030-00750-2022-06-01T08-41-06-059dB.wav,EM2030-00750-2022-06-01T08-41-06-059dB.wav,R4,Animales,1920044,2022-06-01,08:41:06,10.0
448,448,CMPC Buin/R4/Animales/EM2030-00750-2022-06-18T16-38-44-078dB.wav,EM2030-00750-2022-06-18T16-38-44-078dB.wav,R4,Animales,1920044,2022-06-18,16:38:44,10.0
449,449,CMPC Buin/R4/Animales/EM2030-00750-2022-06-25T13-34-54-063dB.wav,EM2030-00750-2022-06-25T13-34-54-063dB.wav,R4,Animales,1920044,2022-06-25,13:34:54,10.0
450,450,CMPC Buin/R4/Animales/EM2030-00750-2022-06-30T14-06-11-065dB.wav,EM2030-00750-2022-06-30T14-06-11-065dB.wav,R4,Animales,1920044,2022-06-30,14:06:11,10.0
451,451,CMPC Buin/R4/Animales/EM2030-00750-2022-06-13T15-30-24-062dB.wav,EM2030-00750-2022-06-13T15-30-24-062dB.wav,R4,Animales,1920044,2022-06-13,15:30:24,10.0
452,452,CMPC Buin/R4/Animales/EM2030-00750-2022-06-05T16-11-45-057dB.wav,EM2030-00750-2022-06-05T16-11-45-057dB.wav,R4,Animales,1920044,2022-06-05,16:11:45,10.0
453,453,CMPC Buin/R4/Animales/EM2030-00750-2022-06-16T17-07-48-067dB.wav,EM2030-00750-2022-06-16T17-07-48-067dB.wav,R4,Animales,1920044,2022-06-16,17:07:48,10.0
454,454,CMPC Buin/R4/Fаbrica/EM2030-00750-2022-06-11T13-25-01-057dB.wav,EM2030-00750-2022-06-11T13-25-01-057dB.wav,R4,Fаbrica,1920044,2022-06-11,13:25:01,10.0
455,455,CMPC Buin/R4/Fаbrica/EM2030-00750-2022-06-10T12-03-57-062dB.wav,EM2030-00750-2022-06-10T12-03-57-062dB.wav,R4,Fаbrica,1920044,2022-06-10,12:03:57,10.0
456,456,CMPC Buin/R4/Fаbrica/EM2030-00750-2022-07-04T15-51-02-064dB.wav,EM2030-00750-2022-07-04T15-51-02-064dB.wav,R4,Fаbrica,1920044,2022-07-04,15:51:02,10.0
457,457,CMPC Buin/R4/Fаbrica/EM2030-00750-2022-05-30T17-28-13-058dB.wav,EM2030-00750-2022-05-30T17-28-13-058dB.wav,R4,Fаbrica,1920044,2022-05-30,17:28:13,10.0
458,458,CMPC Buin/R4/Fаbrica/EM2030-00750-2022-05-26T12-08-41-073dB.wav,EM2030-00750-2022-05-26T12-08-41-073dB.wav,R4,Fаbrica,1920044,2022-05-26,12:08:41,10.0
459,459,CMPC Buin/R4/Fаbrica/EM2030-00750-2022-06-22T09-15-07-074dB.wav,EM2030-00750-2022-06-22T09-15-07-074dB.wav,R4,Fаbrica,1920044,2022-06-22,09:15:07,10.0
460,460,CMPC Buin/R4/Fаbrica/EM2030-00750-2022-06-25T11-50-04-062dB.wav,EM2030-00750-2022-06-25T11-50-04-062dB.wav,R4,Fаbrica,1920044,2022-06-25,11:50:04,10.0
461,461,CMPC Buin/R4/Fаbrica/EM2030-00750-2022-06-22T14-48-07-063dB.wav,EM2030-00750-2022-06-22T14-48-07-063dB.wav,R4,Fаbrica,1920044,2022-06-22,14:48:07,10.0
462,462,CMPC Buin/R4/Fаbrica/EM2030-00750-2022-06-05T09-07-06-067dB.wav,EM2030-00750-2022-06-05T09-07-06-067dB.wav,R4,Fаbrica,1920044,2022-06-05,09:07:06,10.0
463,463,CMPC Buin/R4/Fаbrica/EM2030-00750-2022-05-30T16-58-10-072dB.wav,EM2030-00750-2022-05-30T16-58-10-072dB.wav,R4,Fаbrica,1920044,2022-05-30,16:58:10,10.0
464,464,CMPC Buin/R4/Fаbrica/EM2030-00750-2022-06-06T12-37-04-078dB.wav,EM2030-00750-2022-06-06T12-37-04-078dB.wav,R4,Fаbrica,1920044,2022-06-06,12:37:04,10.0
465,465,CMPC Buin/R4/Fаbrica/EM2030-00750-2022-06-01T10-32-15-063dB.wav,EM2030-00750-2022-06-01T10-32-15-063dB.wav,R4,Fаbrica,1920044,2022-06-01,10:32:15,10.0
466,466,CMPC Buin/R4/Fаbrica/EM2030-00750-2022-06-24T11-10-25-075dB.wav,EM2030-00750-2022-06-24T11-10-25-075dB.wav,R4,Fаbrica,1920044,2022-06-24,11:10:25,10.0
467,467,CMPC Buin/R4/Fаbrica/EM2030-00750-2022-06-10T16-00-41-059dB.wav,EM2030-00750-2022-06-10T16-00-41-059dB.wav,R4,Fаbrica,1920044,2022-06-10,16:00:41,10.0
468,468,CMPC Buin/R4/Fаbrica/EM2030-00750-2022-06-15T10-21-03-068dB.wav,EM2030-00750-2022-06-15T10-21-03-068dB.wav,R4,Fаbrica,1920044,2022-06-15,10:21:03,10.0
469,469,CMPC Buin/R4/Fаbrica/EM2030-00750-2022-05-26T14-56-21-071dB.wav,EM2030-00750-2022-05-26T14-56-21-071dB.wav,R4,Fаbrica,1920044,2022-05-26,14:56:21,10.0
470,470,CMPC Buin/R4/Fаbrica/EM2030-00750-2022-06-07T17-04-26-078dB.wav,EM2030-00750-2022-06-07T17-04-26-078dB.wav,R4,Fаbrica,1920044,2022-06-07,17:04:26,10.0
471,471,CMPC Buin/R4/Fаbrica/EM2030-00750-2022-05-30T15-47-24-073dB.wav,EM2030-00750-2022-05-30T15-47-24-073dB.wav,R4,Fаbrica,1920044,2022-05-30,15:47:24,10.0
472,472,CMPC Buin/R4/Fаbrica/EM2030-00750-2022-05-31T16-43-44-065dB.wav,EM2030-00750-2022-05-31T16-43-44-065dB.wav,R4,Fаbrica,1920044,2022-05-31,16:43:44,10.0
473,473,CMPC Buin/R4/Fаbrica/EM2030-00750-2022-06-14T15-24-30-060dB.wav,EM2030-00750-2022-06-14T15-24-30-060dB.wav,R4,Fаbrica,1920044,2022-06-14,15:24:30,10.0
474,474,CMPC Buin/R4/Fаbrica/EM2030-00750-2022-06-01T10-02-12-062dB.wav,EM2030-00750-2022-06-01T10-02-12-062dB.wav,R4,Fаbrica,1920044,2022-06-01,10:02:12,10.0
475,475,CMPC Buin/R4/Fаbrica/EM2030-00750-2022-05-31T10-15-15-062dB.wav,EM2030-00750-2022-05-31T10-15-15-062dB.wav,R4,Fаbrica,1920044,2022-05-31,10:15:15,10.0
476,476,CMPC Buin/R4/Fаbrica/EM2030-00750-2022-06-27T09-48-27-063dB.wav,EM2030-00750-2022-06-27T09-48-27-063dB.wav,R4,Fаbrica,1920044,2022-06-27,09:48:27,10.0
477,477,CMPC Buin/R4/Fаbrica/EM2030-00750-2022-06-12T17-03-50-060dB.wav,EM2030-00750-2022-06-12T17-03-50-060dB.wav,R4,Fаbrica,1920044,2022-06-12,17:03:50,10.0
478,478,CMPC Buin/R4/Fаbrica/EM2030-00750-2022-06-07T16-49-24-080dB.wav,EM2030-00750-2022-06-07T16-49-24-080dB.wav,R4,Fаbrica,1920044,2022-06-07,16:49:24,10.0
479,479,CMPC Buin/R4/Fаbrica/EM2030-00750-2022-06-22T17-04-03-061dB.wav,EM2030-00750-2022-06-22T17-04-03-061dB.wav,R4,Fаbrica,1920044,2022-06-22,17:04:03,10.0
480,480,CMPC Buin/R4/Fаbrica/EM2030-00750-2022-06-23T12-42-28-061dB.wav,EM2030-00750-2022-06-23T12-42-28-061dB.wav,R4,Fаbrica,1920044,2022-06-23,12:42:28,10.0
481,481,CMPC Buin/R4/Fаbrica/EM2030-00750-2022-06-10T14-59-51-060dB.wav,EM2030-00750-2022-06-10T14-59-51-060dB.wav,R4,Fаbrica,1920044,2022-06-10,14:59:51,10.0
482,482,CMPC Buin/R4/Fаbrica/EM2030-00750-2022-07-02T11-50-30-069dB.wav,EM2030-00750-2022-07-02T11-50-30-069dB.wav,R4,Fаbrica,1920044,2022-07-02,11:50:30,10.0
483,483,CMPC Buin/R4/Fаbrica/EM2030-00750-2022-06-12T10-13-23-058dB.wav,EM2030-00750-2022-06-12T10-13-23-058dB.wav,R4,Fаbrica,1920044,2022-06-12,10:13:23,10.0
484,484,CMPC Buin/R4/Fаbrica/EM2030-00750-2022-05-03T16-33-47-075dB.wav,EM2030-00750-2022-05-03T16-33-47-075dB.wav,R4,Fаbrica,1920044,2022-05-03,16:33:47,10.0
485,485,CMPC Buin/R4/Fаbrica/EM2030-00750-2022-06-10T12-52-24-058dB.wav,EM2030-00750-2022-06-10T12-52-24-058dB.wav,R4,Fаbrica,1920044,2022-06-10,12:52:24,10.0
486,486,CMPC Buin/R4/Fаbrica/EM2030-00750-2022-05-30T12-39-45-064dB.wav,EM2030-00750-2022-05-30T12-39-45-064dB.wav,R4,Fаbrica,1920044,2022-05-30,12:39:45,10.0
487,487,CMPC Buin/R4/Fаbrica/EM2030-00750-2022-06-10T11-44-33-063dB.wav,EM2030-00750-2022-06-10T11-44-33-063dB.wav,R4,Fаbrica,1920044,2022-06-10,11:44:33,10.0
488,488,CMPC Buin/R4/Fаbrica/EM2030-00750-2022-06-02T10-19-14-061dB.wav,EM2030-00750-2022-06-02T10-19-14-061dB.wav,R4,Fаbrica,1920044,2022-06-02,10:19:14,10.0
489,489,CMPC Buin/R4/Fаbrica/EM2030-00750-2022-06-06T15-23-14-059dB.wav,EM2030-00750-2022-06-06T15-23-14-059dB.wav,R4,Fаbrica,1920044,2022-06-06,15:23:14,10.0
490,490,CMPC Buin/R4/Fаbrica/EM2030-00750-2022-06-13T09-26-46-079dB.wav,EM2030-00750-2022-06-13T09-26-46-079dB.wav,R4,Fаbrica,1920044,2022-06-13,09:26:46,10.0
491,491,CMPC Buin/R4/Fаbrica/EM2030-00750-2022-05-26T10-36-26-065dB.wav,EM2030-00750-2022-05-26T10-36-26-065dB.wav,R4,Fаbrica,1920044,2022-05-26,10:36:26,10.0
492,492,CMPC Buin/R4/Fаbrica/EM2030-00750-2022-07-04T16-06-08-068dB.wav,EM2030-00750-2022-07-04T16-06-08-068dB.wav,R4,Fаbrica,1920044,2022-07-04,16:06:08,10.0
